,feature1,feature2,feature3,feature4,feature5,feature6,feature7,feature8,feature9,feature10,feature11,feature12,feature13,feature14,label
0,0.41295119999999996,0.5612625,0.014975200000000001,0.006564800000000001,0.3471856,0.000182805,0.0393512,0.0006454,0.0016482900000000002,0.0,0.00229215,0.18102862574999998,0.0,0.0670572,0
1,0.37040850105,0.175750002,0.46800598635,0.01156,0.297340006,0.0009,0.00141,0.00956,0.011553097500000001,0.0008599500000000001,0.00023,0.02949,0.0010605,0.00557,0
2,0.66391501995,0.301400006,0.027342001102500003,0.002646,0.054900002,0.4128600105,0.010815,0.0296,0.0005250000000000001,0.0173,0.0005250000000000001,0.001,0.0029,0.002646,0
3,0.5337366954891067,0.3869615593238781,0.05686488361153068,0.024588458196794758,0.4628279525933796,0.0,0.034799536302194,0.017832414764726967,0.01692194980287243,0.0,0.0050735848256573055,0.05862015101379892,0.0,0.004359467403548297,0
4,0.86058252,0.113668,0.049276604999999994,0.0195663,0.86038134,0.00011319,0.0,0.0,0.005108040000000001,0.0,0.0019445,0.0001137,0.0,0.007095060000000001,0
5,0.5716145,0.36839920000000004,0.018529300000000002,0.032731,0.53877929175,0.0002602341,0.038952999999999995,2.3262750000000007e-05,0.016898200000000002,0.0,0.0068658,0.11926761000000001,0.0,0.017678599999999996,0
6,0.6860874,0.12415417875000001,0.20754741000000002,0.0026288850000000005,0.6223528,0.0001011,0.00021882,0.0014787999999999995,0.0020995000000000002,0.0,0.0008020687500000001,0.0706439,0.0,0.0004659900000000001,0
7,0.37625836500000004,0.5991230000000001,0.013386700000000001,0.006515000000000001,0.2940543,2.48e-05,0.0,0.013136025,0.0027939450000000004,0.0,0.0,0.0010874,0.0,0.019042800000000002,1
8,0.6547318,0.31781640000000005,0.0128814,0.013242810000000002,0.3513010999999999,0.00011151000000000001,0.04080993,0.010222170000000001,0.008183280000000001,0.0,0.0013027999999999998,0.024940644750000008,0.0,0.0134528,0
9,0.155359998,0.615100026,0.147019997,0.08876668152712502,0.11849250315000001,0.0,0.0404354979,0.0164535,0.08876668152712502,0.123690002,0.00017,0.027000001000000003,0.0012285,0.013303500000000001,1
10,0.4254758,0.5535433049999999,0.0155761,0.023644320000000003,0.37555174124999996,0.0,0.097955655,0.0026458950000000005,0.015366015,0.0,0.0030744,0.0912864,0.0,0.0217403,1
11,0.8596320610157965,0.07432214521136386,0.10626936055034,0.0010057610471258568,0.17242739386344372,0.6612591615480541,0.009620301096370016,0.0004720531677676775,4.627184791474099e-05,6.70840764528123e-05,0.0003691644809617109,0.021847748041099513,0.0,0.0010040384816085064,0
12,0.5380708200000001,0.48676435500000004,0.0133587,0.009957675,0.5239229940000001,3.4650000000000003e-06,0.046763099999999995,0.0025515,0.00557,0.0,0.002459835,0.11168779999999999,0.0,0.001283,0
13,0.4403174979,0.458880007,0.10806600315,0.01284,0.34853699475,0.0005,0.00133,0.0015,0.01168,0.0,0.0007035,0.0043785000000000004,0.0012285,0.0022050000000000004,0
14,0.004032,0.8944600220000001,0.09872100210000001,0.0040100000000000005,0.0021000000000000003,0.00067,0.0008820000000000001,0.01035,0.003507,0.001,0.003507,0.33930750945000004,0.048919500000000005,0.02770949895,1
15,0.6081215,0.1546251,0.21779777250000001,0.026617900000000003,0.4704965999999999,0.000248283,0.007697800000000001,0.008153,0.0165202,0.0,0.0013912500000000001,0.004643199999999999,0.0001861,0.005896200000000001,0
16,0.5195975207676116,0.00536224110991013,0.4984194973529947,0.0002504194325479657,0.5455327683428234,0.0,0.0,0.0,0.0,0.0,0.004487103199208259,3.200248339271128e-06,0.0,0.0,0
17,0.409170002,0.338829994,0.25732350220500005,0.00535,0.117129996,0.00203,0.02921625,0.0107835,0.00411,0.000189,0.00151,0.04259,0.0028980000000000004,0.00294,0
18,0.49674589999999996,0.3152205,0.06578210000000001,0.12225150000000001,0.30774876300000004,0.00028480000000000004,0.024624,0.006834450000000001,0.089721975,0.0,0.0,0.0,0.000636462225,0.0092723,1
19,0.6962575252500001,0.35428848,0.0243976,0.0066587,0.5448175000000001,8.1e-06,0.010936430662500001,0.0010712,0.0017027,0.0,0.006431999999999999,0.0638532,0.0,0.0074560500000000005,1
20,0.5899984197534816,0.3180185108876985,0.06025314949132065,0.05987554058433115,0.5606662939418549,1.5857473765907484e-05,0.03815895279663628,0.0014078916310944509,0.031035641560083375,0.0,0.0022796956325186733,0.08636777337264613,0.0,0.014323134408967797,1
21,0.42060375661500005,0.18889500525,0.171200007,0.0022050000000000004,0.331800014,0.005,0.01658999895,0.025699999,0.0016,0.0,0.0018,0.0001,0.005622750000000001,0.0164,0
22,0.382290006,0.61583550315,0.0206,0.0012285,0.20634,0.13288800315000002,0.01571,0.031010000000000006,2e-05,4e-05,0.00011025000000000001,0.06866369889750001,0.002562,0.013030000000000002,1
23,0.7650116,0.2315923,0.0010077,0.0023885,0.6588074,0.0035887950000000005,2e-06,0.02017029,0.0017235,0.0,0.00072621675,4.620000000000001e-06,0.00034089300000000004,0.010787910000000001,1
24,0.679195185929956,0.29246007470420177,0.02606782570424744,0.004935581050244925,0.12474869006689054,0.48351052538341993,0.017611703005883095,0.00031173422045618454,0.004182381431042642,0.001862636808405252,0.0012802993387227815,0.017382703212140162,0.0,0.006407418429344911,0
25,0.508580029,0.40301099685,0.054189999,0.048730001,0.445609987,0.00117,0.00877,0.00877,0.03489,0.0008599500000000001,0.0061425,0.10336199895,0.00195,0.007895002500000001,0
26,0.09896250105,0.364080012,0.157969996,0.1732710042,0.04751774889750002,0.033879999,0.041420002,0.00319,0.01157,0.0031421250000000004,0.013919999999999998,0.015141000000000002,0.00134,0.009513,0
27,0.05007969999999999,0.9467568999999999,0.0008699,0.001778595,0.050744609999999996,0.0,0.0,0.0010246,0.0015738,0.0,0.0009134999999999999,0.2138254,0.0,0.0009335088000000002,1
28,0.46632012000000006,0.4691173200000001,0.0105388,0.0985684,0.208783,0.00030082500000000006,0.14284746000000004,0.005758935000000001,0.0797097,0.022979297250000003,0.011758320000000001,0.0260993,0.0,0.0144564,1
29,0.335299999,0.5908297466925,0.08692999900000001,0.0153,0.269879997,0.00605,0.05381,0.016650001,0.00759402,0.012050325,0.00454,0.07818999900000001,0.0123585,0.029759999,0
30,0.8213999016976522,0.12755859003086886,0.08867208060192024,0.0012499170555174068,0.6194381032991336,6.620546031410513e-05,0.0,0.003055859893833065,0.00033708237390462,0.0,0.00035119419537746766,0.0009224727554272217,4.003353609318526e-05,0.011274244434562831,0
31,0.420130014,0.06680100105,0.385170013,0.00244,0.4076310126,4.2000000000000004e-05,0.0012599999999999998,0.01279,7.35e-05,4.2000000000000004e-05,0.0032655000000000006,0.0025467750000000003,9e-05,5e-05,1
32,0.8945498677500001,0.15549618,0.0315258,0.0035686349999999993,0.121893,0.6830025999999999,0.0008087000000000001,0.0001334025,0.0027961,2.44e-05,0.00024517500000000004,0.06694380000000001,0.0,0.0027955,0
33,0.7830908385057848,0.21144394417543824,0.02920174152251287,0.012110385392482012,0.6375188460214459,0.0,0.04096055693133745,0.00039074564682558334,0.011713816472886145,0.015190654051597637,0.0009471917115417568,0.029120321857138743,0.0,0.015001599883534543,1
34,0.68539338,0.33627490000000004,0.039140745000000005,0.0027096,0.024459225,0.4973682,0.004635225000000001,0.00465024,0.00128628675,0.0,0.0012846,0.04260119999999999,0.0,0.0109686,0
35,0.6047796,0.3461667299999999,0.05487804000000002,0.0049823,0.44319430000000004,0.0001121,0.015706499999999998,0.001890315,0.0017445,0.0,0.0266807,0.026637182775000007,0.0,0.0035864000000000004,1
36,0.17602200105,0.266629994,0.55683598845,0.00414,0.072400004,0.00281,0.036099,0.01224,0.0017745000000000003,0.00122,0.0110565,0.005754,0.0016699999999999998,0.021145950000000004,0
37,0.5528563425,0.3875344000000001,0.10328310000000002,0.006091890000000001,0.4110121,0.0,0.0397446,0.0063973,0.0021253,0.0,0.0005909999999999999,0.176290191,0.0,0.005836844999999999,0
38,0.21050826300000003,0.6908555849999999,0.042970515,0.10961810000000001,0.08041131,0.0001023,0.013750499999999999,0.002292,0.107475,0.00034975500000000004,0.17239970000000002,0.170826915,0.0,0.0070005,0
39,0.22949639779500006,0.198850006,0.5901299720000001,0.00063,0.205589995,0.0006299999999999999,0.0005355,0.0004189500000000001,0.0004189500000000001,0.00338,0.0113,0.013593825000000002,0.0008300000000000001,0.00031,0
40,0.9090974092135988,0.06949232416761865,0.01947707596314214,0.0055043526446561675,0.07933836876171037,0.8364387615316239,0.010053739764338055,0.0004609670340861017,0.0018957477822393902,0.005019768498130402,0.000580363454360201,0.02194993930510438,0.0,0.0005214181751013884,0
41,0.266299993,0.6644767444875,0.07171500105,0.01512,0.200399995,0.0261,0.083300002,0.007875,0.0055650000000000005,0.010815,0.0294,0.059599999,0.022259998950000002,0.0188,0
42,0.7937553749999999,0.23401020000000006,0.0067994,0.0032329000000000004,0.27217155000000004,0.45256806000000005,0.033197325,0.0006333999999999999,0.00218505,0.0,0.00046194750000000005,0.08501335500000001,0.0,0.0096572,0
43,0.327529997,0.554270029,0.08575999699999999,0.018440001,0.262430012,0.00486,0.07315032143475,0.03088,0.0081,0.00132,0.015277500000000001,0.074089997,0.0031395000000000004,0.007246732500000001,0
44,0.25634699895,0.434130013,0.308545638975,0.00769545,0.08431500315,0.00365,0.031580001,0.033920001,0.0013335,0.00021,0.0067515000000000006,0.00769545,0.00705,0.01424,1
45,0.0806368533075,0.387360007,0.01111,0.5535495315,0.0765465761025,0.00015,0.00807,0.001620675,0.5347649937000001,0.00237,0.035119999,0.053130001,0.00127,0.00987,1
46,0.6299391207515143,0.32951095123926694,0.02932421127093809,0.0019074730710871614,0.4503613418387164,0.00023721023003941524,0.025513746888003667,0.0031473002851367905,6.127089771656386e-05,0.0,0.0011577878036391886,0.1134556342173839,0.0,0.010449842452031045,1
47,0.32660365250073403,0.5726235011126767,0.00025869921114747503,0.0035793726894263952,0.14544527826421433,9.738809833571175e-05,0.04830152363431375,0.005595345815120097,9.562342158217676e-05,0.0,0.0003610234524940314,0.07646772537268041,0.0,0.013303561915994785,1
48,0.481370002,0.420920014,0.039009999,0.011319000000000001,0.18423,0.18410868463050004,0.044130001,0.03156300105,7e-05,0.00965,0.0023415000000000003,0.03056550000000001,0.00314,0.004389,0
49,0.4914392390772592,0.498774867216309,0.009798301621050784,0.00860872218884216,0.2480806741503579,0.2145315934713064,0.001328982177913592,0.00025836068892582867,0.00275944819438086,0.0,0.005539401205343135,0.003155544987517568,0.0,0.003688177602918926,1
50,0.3690508523152501,0.480800003,0.026775,0.162400007,0.049899999,0.0009,0.04326000105,0.0018,0.082599998,0.0,0.04189500105,0.038899999,0.01680000105,0.06604499895,0
51,0.27685349685,0.13021627610250003,0.64570801575,0.0007245000000000001,0.197349995,0.00023,0.0018585000000000001,0.0037,0.00012,0.00172,0.0010710000000000001,0.008147999999999999,0.01152,7e-05,0
52,0.67053884625,0.2462766,0.051036195,0.101670765,0.5747616999999999,8.409999999999997e-05,0.023180955,0.000196245,0.08274389999999998,0.0,0.0017111000000000001,0.0689592,0.0,0.00624974175,0
53,0.7648522,0.1246273,0.07913241,0.0014511105000000004,0.6267471,0.00025669999999999995,0.00038976,0.0044364,0.0008841000000000002,0.0,0.0004543999999999999,0.0228965,0.0,0.00233247,1
54,0.4504609056763477,0.18762059774061834,0.39109627560319915,0.0009007308443905807,0.27310620087560256,0.10643586215271265,0.0016275274567609118,0.0033012436698359572,0.00021210758593713682,0.0,0.00015939704736621894,0.06448781979451715,0.0,0.002378473474628847,0
55,0.5107442948277183,0.25453425654154543,0.04028879363697911,0.22568087681169288,0.17552534495055236,0.003209315021606475,0.0,0.0,0.14041080451775623,0.005669247871923331,0.0012881975051894767,1.2772728261260601e-05,0.0,0.011822027120439556,0
56,0.4609103,0.541490565,0.021985900000000003,0.0013985,0.4282108,0.00010479,0.10304429999999999,0.0001961,0.0,0.0,0.0008824200000000001,0.08587030000000001,0.0,0.0123984,1
57,0.4374024,0.5377714650000001,0.0211239,0.031944937500000006,0.359161425,2.0616750000000002e-05,0.059148900000000004,0.00032010000000000003,0.029033235,2.36e-05,0.013116599999999999,0.019054770000000002,0.0,0.01033,0
58,0.17829720000000002,0.50023092,0.06443869999999999,0.3251185182,0.1540871,7.859999999999999e-05,0.0,0.0037137,0.24580325700000002,0.24124470000000006,0.05060559,0.0006663,0.0,0.004185,1
59,0.21881388322926998,0.7675012833525399,0.049058239753356304,0.0031783539504806435,0.2145377415655511,0.0,0.02002454346102254,6.500519391499381e-06,0.002316185063186549,0.0,0.004746479243691572,0.38009624468995074,0.0,0.012490597998780105,0
60,0.772310805,0.2462351,0.012611760000000001,0.0058914,0.7375531799999999,2.2785e-05,0.0,0.034966995,0.004913399999999999,0.0,0.0037066000000000004,0.04426180499999999,0.0,0.0025249,0
61,0.049689675,0.155589998,0.72349,0.071149997,0.036759999,0.0026985,0.0008699999999999999,0.00133,0.07584097941000001,0.00787,0.00147,0.003297,0.004903500000000001,0.0130305,0
62,0.4621614000000001,0.482456625,0.0542105,0.01978248825,0.3193497,0.0,0.019290915000000002,0.011608,0.0,0.0,0.0,0.02678235,0.0,0.0296384,1
63,0.181600004,0.8813384691300001,0.0114,0.002,0.18144000419999998,0.003087,0.0016,0.001,0.0003,0.00042,0.00042,0.0036382500000000004,0.0012,0.00042,0
64,0.36838001,0.15580474875000003,0.5085884926500001,0.01118,0.35875349448750005,7e-05,0.019789999,0.00418,0.01072,0.00233,0.000297675,8e-05,0.0032600000000000003,2e-05,0
65,0.5206376684555264,0.33475406233061494,0.1058210934435676,0.04474603174772773,0.30477945226424297,0.0033454707394985125,0.016072956285571205,0.001970249447042655,0.02137912973740016,0.0031154302265113732,0.0005263899634381963,0.024280225084972355,0.0,0.00570848791795813,1
66,0.623149991,0.24229799265000002,0.01662150105,0.128539994,0.0010605,0.64823850945,0.000693,0.0004,0.114519998,0.15116266439662504,0.0075,0.00313,0.0073599999999999985,0.02238,1
67,0.7705380998883732,0.22572222588061888,0.010970414623996996,0.004040337726278227,0.05141642999953764,0.741703702095047,0.006995232497557603,0.00013648579611926626,0.0006626446098039738,0.0,3.202487051444152e-06,0.05988170413142846,0.0,0.004485183193267892,0
68,0.8279732,0.0905904,0.058354199999999995,0.000805,0.49046862375,0.2600015,0.0,6.6e-05,2.016e-05,0.0,0.0006042,0.0005124,0.0,0.002437,1
69,0.6170842,0.2863085,0.0512766,0.04672636500000002,0.42448820000000004,0.0289361,0.033517155,0.015285690000000001,0.040034505,0.0060528000000000005,0.009213500000000001,0.0553682,5.721975000000001e-05,0.0008463892500000001,1
70,0.253106,0.5971592,0.012473200000000002,0.14404425,0.26308233000000003,0.00029410000000000005,0.04054212225,0.0,0.11898319999999998,0.0,0.0015878,7.03e-05,0.0,0.039243015000000006,0
71,0.37012499160000006,0.429399997,0.08963324779500001,0.133399993,0.31184999055,0.0043,0.004095,0.0037485,0.109399997,0.001,0.0123,0.014070000000000001,0.0095,0.191499993,0
72,0.29350000600000004,0.49265998425,0.24883425661500003,0.0066,0.14779999900000002,0.117700003,0.038400002,0.0055,0.006725250000000001,0.0,0.0002,0.045000002,0.0219,0.0191835,1
73,0.45678209999999997,0.5290213,0.0121271,0.002172975,0.324247,7.96e-05,0.0,0.0,0.0012167,0.0367386075,0.0066140550000000015,0.13164984,0.0,0.0424471,1
74,0.36474901260000003,0.23051069559,0.257209986,0.01233,0.3211005042,0.00541,0.00064,0.0007035,0.01093,0.000651,0.00364,0.00317,0.01807049895,0.00023100000000000003,0
75,0.8332533999999999,0.13245729,0.0122704,0.018411645000000004,0.001532,0.8317213000000001,0.0014238,0.0,0.015056370000000001,0.0,0.00083955375,0.01978704,0.0,0.030601700000000006,0
76,0.7255503428183385,0.21053271191620845,0.05600331890030895,0.008309307683401337,0.30192006686169337,0.3795494484000988,0.004280616568160746,0.01813826984485431,0.004727966763434337,0.0,0.0003226587348012636,0.02378436559738543,0.0,0.0009055027379214491,0
77,0.7016629842685231,0.3033790394710947,0.025052390922080225,0.004440878159455607,0.6262915027304481,0.0001997135149578633,0.12444798028445303,0.004434278043293562,0.003161710646107372,0.0,0.0012377217839033966,0.05966289006686518,0.0,0.004387502220039073,0
78,0.3987899916,0.577099979,0.01244,0.024748498950000003,0.357829988,0.00033,0.0243,0.0166,0.018985050000000003,0.00021,0.0004935,0.151260003,0.00343,0.007665000000000001,0
79,0.7204767,0.24454479000000004,0.041470900000000005,0.0051526,0.2714406,0.4013944515,0.0234831,0.0013342350000000009,0.001982085,0.0,0.000546,0.030902299999999997,0.0,0.0017917719750000004,1
80,0.7421443000000001,0.2156553,0.029600802,0.015225,0.0134736525,0.760777605,9.996e-05,0.00011528999999999999,0.013602540000000002,0.0001876,0.0064053,0.0469913,0.0,0.0013855,0
81,0.1753722495,0.788385,0.012751100000000001,0.0394757,0.16253958000000002,0.0,0.0234493,0.0,0.0278613,0.0027408000000000003,0.0051479,0.37443378000000005,0.0,0.002178225,0
82,0.16597203000000002,0.7953479,0.0426216,0.005991499999999999,0.0797178,0.0421707,0.04509306965362501,0.00015030000000000002,9.6e-05,0.0,0.0245715,0.1681236,0.0,0.022219575000000005,1
83,0.26552400735000004,0.47151299265,0.209490001,0.077849999,0.22829099685,0.00118,0.05535599895,0.0064575000000000006,0.08436330330750001,0.00624,0.00517,0.02942,0.00463,0.014595,0
84,0.481827740095484,0.37513544173492636,0.1614073189092174,0.006300862220619386,0.4390605452633072,0.0010166068453794494,0.0978613497278564,0.0034159590172927173,0.00017971888845517663,0.0,0.0003186334883796287,0.042572104328164884,0.0,0.003544138238928911,0
85,0.3602868,0.6037094700000001,0.007788480000000002,0.060138645,0.0731232,0.27103198500000003,0.016496700000000003,0.00156513,0.027616200000000004,0.011988060000000002,0.000262185,0.0969586,0.0,0.0018969000000000002,0
86,0.999049779,0.0443321,0.03989055,0.0111987,0.8918977200000002,7.85e-05,0.01078329,0.00251748,0.010591799999999998,0.0,0.0015722000000000002,0.0029724,0.0,0.0006328999999999999,1
87,0.9807123375000002,0.105625065,0.0070639,0.0028059,0.03654390600000001,0.8891866462499999,0.0007534,0.0008175300000000001,0.0021845,0.0010768,0.0018081,0.018102299999999998,0.0,8.750000000000001e-05,1
88,0.8511992191391726,0.11272837958574684,0.022995603156572682,0.0033126263107206727,0.6357780830418842,0.0,0.011626614756653187,0.0011226174762222758,0.0,0.0,0.0007497020157300485,0.02478150821052194,0.0,0.0019281452794850387,0
89,0.415699989,0.538200021,0.041453998897500004,0.002,0.39606000735,0.0339,0.000945,0.00042,0.0001,0.000945,0.0006,0.13825350771749997,0.008085,0.001,0
90,0.43316528546522304,0.2191799571582386,0.39469522119496486,0.005051881007486428,0.13001767374980308,0.0,0.0560293990925067,0.02829060980312113,0.0,0.0,0.00015450060450230183,0.006226286667264351,0.0,0.010222791085919405,1
91,0.6261760999999999,0.30425965499999996,0.06522694500000001,0.023028495000000003,0.6058483357500002,1.9600000000000002e-05,0.0318748,0.006803100000000001,0.020461245000000003,0.0023427,0.0028656600000000003,0.04906780000000001,0.0,0.004786950000000001,1
92,0.42903559661276375,0.5617633088768555,0.01701005670252471,0.012389869522630707,0.0711573891713143,0.3197883953270594,0.023550401882710015,0.0003535787055968279,0.0015734462612320198,0.0,0.00042021630944593297,0.1859796663715339,0.0,0.062225928204163124,0
93,0.428570002,0.5473999979999999,0.01235,0.00451,0.4289670105,0.008063999999999998,0.0459962988975,0.00534,0.0040100000000000005,0.00017,0.0,0.189089999,0.009114,0.056855922795000007,0
94,0.4764102000000001,0.36707740000000005,0.140537355,0.0219622,0.4604085202500001,0.0,0.15768351900000002,0.0173793,0.0122536,0.0,0.0033803000000000006,0.0107357,0.0,0.01650957,1
95,0.6784609,0.2925933,0.028403025000000002,0.0018122,0.54910884,0.0,0.007756399999999999,0.005633399999999999,0.00057309,0.0,0.00048373500000000006,0.033628035,0.0,0.015438200000000001,0
96,0.6575033849999999,0.35115517500000004,0.030855825,0.010485510000000002,0.23526583500000006,0.26683292999999997,0.006863062500000001,0.0076485,0.0,0.0,0.0030368,0.0964902,5.34e-05,0.012079099999999999,1
97,0.706868085,0.29202667200000004,0.06193404,0.0008978999999999999,0.047415585,0.5879436,0.009176685000000002,0.0018688,0.0,0.0,0.0,0.072058035,0.0,0.0025759,0
98,0.607273,0.3057141,0.0433562,0.045825255,0.470437275,0.0,0.009204441750000002,0.0014065,0.0345093,0.00015230000000000002,0.02465358,0.06538685999999999,0.0,0.0023192400000000006,0
99,0.464700013,0.418900013,0.09790199779500001,0.0069,0.43659000524999997,0.0013,0.00735,0.0094,0.0052,0.0005,0.061188751102499994,0.0064,0.0296572511025,0.0064,1
100,0.64554076125,0.3083158,0.0276503,0.08655661349999999,0.1325041,0.017552535,0.005294999999999999,0.047666535,0.0717453,0.0014620999999999998,0.0005126100000000001,0.1099325,1.9740000000000008e-05,0.0113212,1
101,0.5793205696119721,0.3896228665343793,0.021691668829847837,0.009282122638685983,0.06574165731460535,0.4604244126349031,0.02951250870160302,0.0019021355786702622,0.006662898771042388,0.0,0.004430771535283114,0.1784430148900056,0.0,0.009174494976155878,0
102,0.32014395110250005,0.674279988,0.0241395,0.004070000000000001,0.214709997,0.0006090000000000001,0.069229998,0.01522,0.00242,0.000273,0.00036,0.088780001,0.0018406237500000005,0.01011,0
103,0.3476536385020467,0.6188426881155149,0.04225329254550929,0.007331895231220348,0.20229266731383025,0.007023429182786435,0.0760209039795284,0.004064063916274405,0.0,9.32252946378055e-05,0.0017244201233758737,0.17984140099478982,0.000797044631609808,0.016336535931549014,1
104,0.568799973,0.28254449685000005,0.00678,0.00304,0.46358549160000007,0.00018742500000000004,0.00823,0.008757000000000001,0.00282,1e-05,0.00031499999999999996,0.070182,0.01595,0.011959500000000001,0
105,0.7300540999999999,0.24778160000000002,0.017808599999999997,0.004422705,0.37515975000000007,0.0,0.0019587000000000003,0.00314223,0.0027193,0.0,8.5995e-06,0.048656412,0.0,0.0015775999999999993,0
106,0.28764670000000003,0.197597547,0.328435485,0.2203308,0.236379675,0.00014689500000000002,0.0361746,0.005075069999999999,0.21325210000000006,0.0162238,0.011131785000000002,0.01732185,0.0,0.0049387,1
107,0.1961366,0.70871598,0.08215998000000002,0.051779805000000005,0.16618970000000002,0.0,0.0,0.000883,0.050672685,0.00217938,0.0043599465000000006,0.0156141,0.0,0.0324958,1
108,0.7176315999999999,0.16039679999999998,0.072324735,0.00027709500000000004,0.6467764432500002,7.890000000000001e-05,0.00939687,2.6300000000000002e-05,3.02e-05,0.0,0.0008990100000000001,0.0089052,0.0,0.0060297300000000005,1
109,0.3354014937,0.6973642963350001,0.04168500105,0.00487,0.1274595,0.1591064979,0.00842,0.00717,0.00176,0.00434,0.0019,0.16485000525000001,0.002268,0.01281,1
110,0.538244028,0.3815057,0.136568145,0.0001516,0.45273050000000004,0.021238350000000003,0.03304225575,0.0,0.0,0.0,0.00045328500000000005,0.012483,0.0,0.005821499999999999,0
111,0.5689593281586769,0.1157325546145603,0.3319118742095905,0.002458267953236684,0.4345818280391736,0.0,0.014526027325522804,0.005213619750338948,0.0015397919819381952,0.0,0.0005088661348166432,0.0178744730561268,0.0,0.010867666489500601,0
112,0.5427721,0.46471698000000006,0.013125399999999999,0.00047650050000000004,0.46906060950000017,0.0,0.0156711,0.00531349875,0.0,0.0,0.0016625999999999998,0.0,0.0,0.0085734,1
113,0.48268199999999994,0.4722186,0.013895200000000002,0.0036426600000000007,0.46718773500000005,5.920000000000001e-05,0.09746625,0.001539825,0.001998885,0.0,0.00234927,0.0954399,0.0,0.0178118,0
114,0.5160007000000001,0.36270118500000015,0.013115670749999999,0.1266734,0.0151714,0.49784406000000003,0.057499199999999986,0.000625275,0.1218349,0.000838352025,0.0023577,0.0828171,0.0,0.0011143,1
115,0.1211105,0.6470946999999999,0.23000796000000007,0.013498128,0.11683392000000001,4.305e-05,0.017265464999999997,7.65e-05,0.0093674,0.0017929000000000003,0.013098251250000002,0.2996991,0.0,0.0016350999999999998,0
116,0.3960494937,0.570609987,0.041749999,0.00149,0.272949994,0.00014,0.037936500000000005,0.017619,0.001302,0.005313000000000001,0.016659998999999998,0.0931722738975,0.0010710000000000001,0.026160000000000003,0
117,0.25291349895000004,0.47788964669250006,0.24513299370000002,0.057229999,0.10046,0.10285222610250001,0.00632,0.006205500000000001,0.039919998,0.0005355,0.02534,0.115929998,0.00164,0.00758,0
118,0.7344753150000001,0.29305059,0.020348474999999998,0.0020242999999999997,0.0022927,0.7657905465,0.0094703,0.00014209999999999998,0.00028045500000000004,0.014379900000000001,0.005169,0.05348196,0.0,0.004819899999999999,0
119,0.44143701,0.4610367,0.11198510000000002,0.0067069485,0.3250938,2.5236225000000006e-05,0.0187933,0.000724,0.0019452999999999999,9.7545e-05,0.0001934,0.17438660000000006,0.0,0.0033131999999999997,0
120,0.109279998,0.13629876518475,0.76275003,0.0021100000000000003,0.1096935,0.00302,0.001617,0.001113,0.0010185,0.001029,0.00122,0.00352,0.00386,0.00619,0
121,0.019230001,0.166859999,0.788699985,0.0197085,0.013296150000000001,0.00409,0.00339,0.00334,0.01511,0.00474075,0.00591,0.014700000000000001,0.001620675,0.00047,0
122,0.609499991,0.321799994,0.056700001050000004,0.00502,0.089270003,0.43847999,0.016769025,0.00869,0.00038201625000000003,0.00038201625000000003,0.0008820000000000001,0.01939,0.002457,0.00903,0
123,0.007969500000000001,0.193800002,0.765089989,0.03452400105,0.005418000000000001,0.0018165,0.0002,0.00019845000000000003,0.03394649895,0.1582874958,0.01884,0.00358,0.00014,0.0002,1
124,0.5578097700000001,0.43162470000000003,0.023319765,0.0149185,0.5065805,4.2e-06,0.0255204,0.000190469829375,0.011268705,4.400000000000001e-05,0.0019882000000000003,0.1125953,0.0,0.003998,0
125,0.30109212,0.3924101,0.3053163,0.013470555,0.313934229,0.0004378,0.0031886999999999996,0.0,0.0101553,0.00165753,0.012996164999999999,0.042910512750000004,0.0,0.005295800000000001,0
126,0.39008770499999995,0.22748061,0.3822926,6.7935e-05,0.32508692999999994,3.45e-05,0.0,0.0,0.0,0.0024892,0.00092091825,0.0,0.0005642,0.0024989,1
127,0.5174445328512218,0.4155830241415558,0.02964078154452799,0.010124280658174315,0.24560492619688426,0.16042955231217032,0.025136609932855224,0.006829430261857878,0.0012367402828303718,0.0,0.0005698744577930966,0.04585984656388431,0.0,0.01240150689681849,0
128,0.0574349979,0.741982475745,0.204500005,0.0045,0.0178,0.0197,0.049199998,0.01669500105,0.00022050000000000002,0.0001,0.0006,0.1017,0.0094815,0.022500001,0
129,0.28445602500000006,0.6112470294,0.145030007,0.01339,0.199049994,0.0009,0.105449997,0.022910001,0.007791000000000001,0.00017850000000000003,0.0044,0.12478200210000001,0.039820001,0.0459522011025,0
130,0.5486017,0.30092706,0.07643254499999999,0.09439101000000001,0.4959681,4.79e-05,0.028912,0.0018477,0.085765,0.006041805000000001,0.006542655000000001,0.037093245000000004,0.0,0.0113952195,1
131,0.5136912730058235,0.4451919503340021,0.058150982608557326,0.00437357622775674,0.022369086984024338,0.4957079322477742,0.006135719940179431,0.00033753862711415576,0.00047051974245822763,0.0,0.0024620111479784746,0.13681629045048802,0.0,0.003759194651243266,0
132,0.6869643000000001,0.2868447,0.019742625,0.004578199999999999,0.4510422315,0.0001511,0.0,0.0,0.003178875,0.0,0.0027341,0.06717256875000001,0.0,7.379999999999999e-05,0
133,0.9079414000000001,0.0569028,0.009751664999999998,0.027161925000000003,0.40429137000000004,0.4830468,0.0007902999999999999,8.620000000000001e-05,0.0253879,0.0,0.0018766258875000002,0.026642385000000005,0.0,0.0003859,0
134,0.275559992,0.41381549370000004,0.07418,0.27591164448750005,0.27078448530000004,0.009828,0.0006900000000000001,0.00139,0.24853000000000006,0.00693,0.004368,0.02218,0.0010919999999999999,0.0058275,1
135,0.2823660042,0.3885599970000001,0.338759989,0.00192,0.219899997,0.02689,0.068230003,0.010584,0.00176,0.00021,0.0006825,0.04665,0.004641525000000001,0.006006000000000001,0
136,0.5215852950000001,0.42621264000000003,0.04285501500000001,0.055113659999999995,0.4373497000000001,0.00011279999999999999,0.13804550000000002,0.0232589,0.0415891,0.0,0.008438115000000001,0.04077574200000001,0.0,0.012840765,0
137,0.39037188609559514,0.38981242531726407,0.04322013962291237,0.023108896904196385,0.14546877485026255,0.006315020350699975,0.036135234890085306,0.002772271414781305,0.00017834383122360156,0.00038825472163785184,0.005802558299030127,0.065106498084161,2.7847373872005427e-05,0.01273047220500332,1
138,0.6074892599999999,0.2723179000000001,0.0056484000000000005,0.15812903925000002,0.0187624,0.58767975,0.0,3.78e-05,0.137133,0.028819791000000004,0.0016355,0.099289155,0.0,0.0018317000000000001,1
139,0.3747295,0.5178737999999999,0.07200395999999999,0.0387903,0.227752455,0.0028283,0.0737303,0.0090426,0.03331089090000001,0.019344465,0.0008977999999999999,0.019348875,5.24e-05,0.0182699,1
140,0.5641390999999999,0.393058785,0.047913599999999994,0.0099547,0.5698025549999999,2.352e-05,0.0,0.0,0.006626865,0.0,0.000102165,0.024552900000000003,0.0,0.006994155000000001,0
141,0.1119873,0.70810215,0.2079561,0.0053658,0.0247191,0.0381396,0.0255053,0.00202314,0.0,0.0,0.0016963000000000002,0.1104358,0.0,0.0069128850000000006,1
142,0.7118063400000001,0.24461620000000003,0.0279591795,0.046595300000000006,0.646832865,0.0,0.0369731,0.012009700000000002,0.0381773,0.0,0.00155044575,0.0074158,8.536500000000001e-05,0.0075301,0
143,0.09716163242448636,0.8149013235198528,0.009399440991614872,0.08726943404151062,0.09077316159742396,8.62167932518988e-05,0.0,0.0,0.08200833012495187,0.2920653459801897,0.006147892218383275,0.10338612579188688,0.0,0.00015940239103586553,0
144,0.2506350021,0.7879567323600001,0.034400001,0.003,0.13167000734999998,0.02,0.0035,0.0188,0.0011,0.001575,0.0019950000000000002,0.009345000000000001,0.0995,0.00189,0
145,0.454100013,0.13671551481525002,0.409399986,0.0156,0.218199998,0.0019950000000000002,0.0189630011025,0.0063,0.0143,0.0006,0.00168,0.003,0.003,0.00042,1
146,0.0704967269565958,0.15311195072653422,0.7538600458273955,0.02152519472772042,0.024329466436724918,0.0006098977843097048,0.005410028667335139,0.008025498963520125,0.019138937812124387,8.952875693011258e-05,0.0004497830619965631,0.001880852642603464,0.0,0.004020557844072964,0
147,0.4007720772383576,0.40782533137915444,0.08188564862369835,0.0590391358044783,0.3000351067730297,0.0,0.018147527318031983,0.012793957830282776,0.05287600526347645,0.04952412600433277,0.00016189093720280328,0.007464320971226494,5.0426048655991455e-05,0.0017508951600885443,1
148,0.6852216999999999,0.303174,0.0100719,0.0012071850000000002,0.0648637,0.51149742,0.0191688,0.0031976700000000005,0.0002096,0.0,0.0009842999999999998,0.09685410000000001,0.0,0.0004126000000000001,0
149,0.8731833599999999,0.1534654,0.005713800000000001,0.0060169,0.052170699999999987,0.80328712275,0.0049352,0.00115899,0.0042052,0.0,8.274e-05,0.042681000000000004,0.0,0.008863769249999999,0
150,0.5290927,0.35053290000000004,0.1167454,0.0034577,0.1855695,0.31627,0.00026092499999999996,0.0019126170000000004,0.0004696650000000001,0.0,0.0022352085,0.018631,0.0,0.0235001,1
151,0.4446001,0.4453532,0.01050756,0.1000235,0.28262010000000004,0.018963992250000002,0.0026416999999999994,0.0025485000000000004,0.096825855,0.0,0.00027216,0.0430472,0.00047109825,0.0278033,1
152,0.8344697093138977,0.14561318628647865,0.01427785718833806,0.001778640570312104,0.761105007277305,0.0,0.0005528648717484635,0.0008139150698626312,0.00039292935724574425,0.0,0.0037347240515061744,0.008796539783019487,0.0,0.001323100818878578,0
153,0.412090003,0.435360014,0.09644249790000001,0.0068,0.10757,0.02699,0.012642,0.02203,0.00022050000000000002,0.02203,0.007738500000000002,0.014175,0.001995525,0.0088515,0
154,0.5842341750000001,0.22665100500000002,0.141018045,0.0927064,0.5173183,8.630000000000001e-05,0.0631488,0.0010269,0.092376,0.013160910000000001,0.0052856000000000005,0.016919516250000002,8.211000000000001e-05,0.005356680000000001,1
155,0.6333775597736879,0.1029099037578753,0.2535836280333396,0.008500225297572888,0.16203078013235586,0.46760059187473296,0.0,0.0,0.005905810178157822,0.0,0.000455593591111,0.09177695393271064,0.0,0.0012071862942628871,0
156,0.5969175,0.40795786500000003,0.0041702,0.00454836375,0.5367805800000001,0.0,0.027065199999999998,0.0001846,0.0031825,0.0,0.00016044000000000006,0.04157979,0.0,0.0037821000000000005,0
157,0.2374890021,0.111670002,0.633149981,0.0004305,0.125489995,0.07583999599999999,0.00022050000000000002,0.00022050000000000002,6.615000000000001e-05,2e-05,0.000147,0.02752050105,0.00333,0.006370000000000001,0
158,0.6502114499999999,0.3564859000000001,0.0097381,0.015253350000000004,0.6000904,0.0,0.07820274000000002,0.005759800000000001,0.014514570000000003,0.0,6.829999999999999e-05,0.028657650000000003,0.0,0.0023130450000000006,1
159,0.6409931849999999,0.3712593,0.015647599999999998,0.0027545700000000005,0.5239714,8.52e-05,0.0117473,0.001317225,0.00130305,1.21e-05,0.000197127,0.1121407,0.0,0.002758014,0
160,0.4763512,0.49502460000000004,0.01924419,0.008955030000000001,0.385063665,0.08469751500000001,0.1783267,0.000208635,0.0063292320000000015,0.0,0.0005049,0.0447783,1.9635e-05,0.0105577,1
161,0.019640001,0.18524,0.8429709545381251,0.028030001,0.008106,0.00462,0.0008709750000000001,0.00116,0.010846500000000002,0.00085,0.037749998,0.008106,0.0005775000000000001,0.0008709750000000001,0
162,0.142120004,0.6455715178500001,0.185076675,0.039129999,0.051901502100000003,0.055610001,0.0054075,0.006489,0.0072099999999999985,0.00927,0.08754000099999999,0.032960001,0.004542300000000001,0.004542300000000001,0
163,0.0067298,0.4615594,0.57669162075,0.008588600000000002,0.00377440875,0.0032301,0.29891085,0.0,0.0049395,0.0,0.0005496,0.0,0.0,0.0017473049999999998,1
164,0.203710005,0.6823739916,0.126350001,0.005611725000000001,0.0876015,0.0065,0.0134295,0.0321195,0.0008900000000000002,0.005439,0.01341,0.00447,0.0048200000000000005,0.0028455000000000004,0
165,0.5950061925797161,0.3971716173580682,0.007896935903704405,0.0003011980575543986,0.4393372313918844,0.0,0.008571520898182272,0.0014544747994772926,3.6240407994513206e-06,0.0,0.0015211911255696914,0.020977860835423957,0.0,0.007104730651724346,0
166,0.45253973149421245,0.4094782760963207,0.1562498593688263,0.003260243124673173,0.013903110346544213,0.4107256308551945,0.04256486859773145,0.0007746190057743536,0.00011960525067050445,0.0013903686621842698,0.0012667556105713039,0.13992567773725267,0.0,0.0181522518838577,0
167,0.430700004,0.3808349853,0.1285,0.072700001,0.3075449958,0.0009,0.0093,0.0032,0.038199998,0.0008,0.00165375,0.042777001102500004,0.030649498897500002,0.0198,0
168,0.7195699809999999,0.243579999,0.0231105,0.011382000000000001,0.019169999,0.7694347466925001,0.01317,0.0019215,0.00717,0.00018742500000000004,0.0005250000000000001,0.039349999,0.00018742500000000004,0.006,0
169,0.12141860000000003,0.861049455,0.0306997,0.0263383,0.1062614,0.01477161,0.0,0.0,0.0034693,0.0,0.0038604999999999998,0.25386661125000004,0.0,0.061235475000000004,0
170,0.431290001,0.41028749055,0.1694805042,0.0147,0.42263235110249997,0.00031499999999999996,0.00114,0.04150912500000001,0.0011025,0.00205,0.036180001,0.00028,0.040449999,0.00025,0
171,0.041057098897500005,0.011543175000000001,0.94976002,0.0023,0.036809999,0.0001,0.00022050000000000002,0.0001365,0.00212,0.00017850000000000003,6e-05,0.00206,0.00067,0.0026565000000000004,0
172,0.4571953,0.377959785,0.038199210000000004,0.026099200000000003,0.18850699999999998,0.08588643,0.0079907,0.0202818,0.0151219,0.0,0.0014392,0.04140383625000001,8.641499999999999e-05,0.0039885,1
173,0.5932826999999999,0.353205195,0.026148570000000003,0.044704,0.5347681500000001,0.00012085500000000001,0.03747492000000001,0.0075683317500000015,0.0365192,3.633e-05,0.0017448000000000001,0.0890465,0.0,0.0085093,1
174,0.6973008,0.31264352287875014,0.0169609,0.0026631999999999997,0.6493544400000002,0.0,0.0683445,0.0037781,0.00032080000000000005,0.0,0.0034343000000000004,0.11216614500000001,0.0,0.0006716000000000001,0
175,0.3571328194875001,0.6921284706,0.01354,0.00187,0.241870001,0.026995500000000006,0.18959850630000002,0.0124,5.25e-05,0.00026000000000000003,0.0058485,0.058370002,0.02142,0.010038000000000002,0
176,0.017689998999999998,0.149460003,0.2681831216925,0.5855299829999999,0.014469000000000001,0.0012,0.0025,0.000252,0.581759989,0.0031920000000000004,0.00381,0.05047244889750001,0.00056,0.0032865,0
177,0.6764940176400001,0.299899995,0.0680400021,0.0067,0.595099986,0.0023,0.002625,0.0038,0.003,0.0012,0.003255,0.00496125,0.005355,0.0069,0
178,0.5721257670158382,0.3287788938630021,0.11269965142266238,0.04493814857579557,0.14536088533897396,0.2605789582092712,0.002406125892984725,0.003254638493828676,0.04104713188972455,0.0009619897396439406,0.0009158278503990301,0.05352486078084888,0.0,0.010947287528389313,0
179,0.6976489736929234,0.31661459771141975,0.00541292271511435,0.0024434471246462092,0.532542924012863,0.0,0.0,0.0,0.0,0.0,0.0005223613502629668,0.0,0.0,0.011524348396589995,1
180,0.00091,0.183400005,0.7911300059999999,0.01881,0.0004305,0.000297675,0.00012,0.0,0.014343000000000002,0.00079,0.0133665,0.00031499999999999996,5.25e-05,0.00019950000000000002,0
181,0.540620029,0.470976981615,0.004200000000000001,0.018921000000000004,0.5404499770000001,0.0,0.00067,0.0036823500000000005,0.018921000000000004,0.0,0.0008715000000000002,0.096079998,0.004725,0.06989,0
182,0.159500003,0.569400012,0.137700006,0.132195,0.0955499979,0.0287,0.011865,0.0156,0.08893500315000001,0.00084,0.00011025000000000001,0.033500001,0.0023100000000000004,0.0,1
183,0.247580007,0.7164885073500001,0.026760001,0.04259,0.24713849475000002,0.00019950000000000002,0.0006945750000000001,0.0006,0.017033625,0.000126,0.00189,0.044259999,0.008579999999999999,0.054299999,0
184,0.3858330126,0.46310249265,0.106200002,0.0206745,0.16219349685,0.050250001,0.014847,0.02052,0.008305499999999999,0.02242800105,0.02706,0.05978700105,0.00905,0.01026,0
185,0.617840474310078,0.29970607835135255,0.09960607358053851,0.0018622381357400926,0.2719131035219041,0.1584512083985775,0.022186974583716088,0.0017974117878002684,0.0,0.0,0.0018321901105582978,0.02630288551190885,0.0,0.0005914441983406684,1
186,0.06465593595946632,0.5982535510640974,0.06529068691428172,0.2737988794589099,3.2347952604941564e-05,0.06007966209108383,0.0,0.0,0.2734801069104841,0.008037379611536142,0.002763396458910689,3.825671174949746e-05,0.0,0.03625212264661134,0
187,0.6447104748000001,0.255490005,0.017859998999999998,0.09230549684999999,0.251370013,0.11105849895000001,0.00412,0.01099,0.08076600315,0.0,0.0,0.0288435,0.00962,0.007574175000000001,0
188,0.287580825,0.6475651717500001,0.1049345,0.00886956,0.264036885,8.599999999999999e-06,0.20977677,0.0,0.0014431,0.0,0.0016169,0.0506959,0.0,0.016823099999999997,1
189,0.7419053000000001,0.1539905,0.105277515,0.0029819000000000004,0.5982236400000001,0.00017243100000000004,0.0011292,0.008489299999999998,0.0025809525000000002,0.0,9.71e-05,0.015133125,0.0,0.0169693,1
190,0.5510294,0.3867095,0.0124015,0.0044711,0.4492555,0.00041317500000000005,0.013944314999999999,0.015218799750000001,0.000493395,0.0,0.0,0.0050695155,6.91e-05,0.006043,1
191,0.5848559984207498,0.29158457238940194,0.11821433421582807,0.02265468041883732,0.29422555137253364,0.012420388218345344,0.04761733423122856,0.005244166764503111,0.012936311374701715,0.0,0.002795988912447416,0.03912694423682673,0.0003349606517487256,0.011816675770289494,0
192,0.769169986,0.171859995,0.0524,0.0038220000000000003,0.7960470294,0.00185,0.00055,0.004370000000000001,0.0036750000000000003,6.615000000000001e-05,0.00025,0.000297675,0.0052,0.0017955,0
193,0.6657991999999999,0.07253939999999999,0.27333757500000005,0.0013398,0.008247330000000002,0.6565717,0.0019772,8.268750000000001e-06,0.0004607347499999999,0.0,5.21e-05,0.026388179999999997,0.0,0.0001025,0
194,0.2982006203190192,0.6404074964954646,0.11572619922829615,0.02032096711472294,0.19609289510758496,0.0,0.12942482329421287,0.0006615509707004238,0.018268212685341508,0.0,9.296642994582696e-05,0.04222575521567955,0.0,0.012025650901573391,1
195,0.6239826999999999,0.23289720000000005,0.13795520000000006,0.0042952,0.18659653188750003,0.33764759999999994,0.009685,0.0009257527125000004,0.0036616,0.00019015499999999998,0.08298760000000001,0.0071411550000000015,0.0,0.0065271,0
196,0.48562500630000005,0.07465499685,0.5050552400775,0.0013,0.389600009,0.0006,0.00021,0.0046305,0.0004,0.00021,0.0,0.0003,0.0034,0.00021,0
197,0.47632263,0.4376468,0.0063189000000000006,0.11309180400000002,0.0251461,0.41629079999999996,0.0,0.0,0.1014412,0.02945103,0.008541,0.001354,0.0,1.6e-05,1
198,0.4562255415375,0.318670005,0.244159997,0.0076900000000000015,0.39323548950000003,0.00426,0.00143,0.00147,0.006174,0.010941000000000001,0.0280586261025,0.001281,0.022159999,0.00031,0
199,0.1997205,0.549839973,0.1909215042,0.07844549685,0.16416999699999998,0.0007875,0.01439,0.00507,0.07415000299999999,0.00256,0.011067,0.252640009,0.0017640000000000002,0.0030765,1
200,0.508769989,0.287550002,0.042769998,0.1029840021,0.46329253677000004,0.00033,0.01153,0.0310485,0.091559999,0.0005250000000000001,0.002943675,0.013681500000000003,0.00184,0.0005250000000000001,0
201,0.059763980119583615,0.4029218982498122,0.5031972120647156,0.04140458697521995,0.06273925032794998,1.2313140583630851e-05,0.0,0.0,0.04107603634598843,0.009933400925467658,0.005068609219759327,0.0,0.0,0.06176881968436716,0
202,0.17582582460953286,0.7352075665974522,0.06692462294370774,0.0683770595924603,0.16071824132102738,0.00020381786090702323,0.0,0.0,0.061826641261063575,0.0,0.0024033916540133686,0.23868736117249,0.0,0.00565513183881903,0
203,0.32953305,0.36860679999999996,0.1293788,0.194952555,0.2287861695,9.070000000000001e-05,0.004517415,0.16096400000000002,0.1494029,0.007557300000000001,0.0009836505000000004,0.0,0.0,0.0303629,0
204,0.6237399436143751,0.191589996,0.084299996,0.008578500000000001,0.320259988,0.01089,0.00562,0.0034618500000000003,0.00193,0.0059700000000000005,0.006153,0.01049,0.00362,0.0042525,0
205,0.0677157206973285,0.49689386640912,0.08935041340565765,0.41580627105936363,0.05609569302759531,3.339691984179122e-05,0.015172743792513809,0.0,0.3690686710286371,0.058270673683587224,0.027369170892208864,0.05059418311474137,0.0,0.002072289378359196,1
206,0.311320007,0.599030018,0.0427769979,0.035360001,0.086199999,0.125799999,0.10195919559,0.017379999,0.03493350105,0.0017640000000000002,0.001134,0.12737550315,0.00413,0.010689,1
207,0.7815512481525001,0.244320005,0.01237,0.029750001,0.637870014,0.01053,0.0027672750000000005,0.0071925,0.03168585,0.0010500000000000002,0.0005,0.00217,0.00134,0.0016699999999999998,0
208,0.292970002,0.381080002,0.31306591653750004,0.0033285000000000003,0.23074800105,0.01725,0.046179999000000006,0.01464,0.001302,0.0016096500000000002,0.00118,0.06235950105,0.00512,0.00559,0
209,0.56027997165,0.32249999,0.113499999,0.024700001,0.439900011,0.07990499895,0.0124,0.007640325000000002,0.0229,0.0006299999999999999,0.03034499895,0.0232,0.0005250000000000001,0.0,0
210,0.7516573010850248,0.208869243988489,0.043039358462165465,0.00629922311116247,0.4544032582394886,0.005111641730851104,0.019875988289176808,0.031037237927054928,0.0021146536871748025,0.0,0.00020728852225842512,0.007678883031379984,0.0,0.004440917764465222,1
211,0.02686950105,0.8094344968500001,0.029820001,0.173299998,0.00969,0.0146,0.00022050000000000002,0.00015749999999999998,0.17238,0.7155119957999999,0.0205485,0.01266,0.0006615000000000001,0.00316,1
212,0.6239066,0.2714051,0.049838699999999986,0.054199300000000006,0.304243,0.2611959,0.06446223,0.005996277000000001,0.0515471,0.0,0.0010624000000000002,0.00459186,0.0,0.0008132040000000001,0
213,0.3019568,0.6751824000000001,0.009706515,0.0134882,0.26040660000000004,4.998000000000001e-05,0.1637622,0.01185555,0.007720199999999998,0.0,0.0011838645000000001,0.0339085,0.0,0.0047379,0
214,0.860474,0.07962454499999999,0.060069500000000005,0.0021015,0.529017615,0.29323014,0.0015939,0.00161805,0.0009486750000000001,0.0,0.0004692,0.006341370000000001,0.0,0.01057035,0
215,0.41580029999999996,0.4626028,0.1059062,0.007134015,0.3497128,0.0,0.0478739,0.0014693,0.00012645675,0.0,0.07420239999999999,0.0955817,0.0,0.012049589999999999,0
216,0.8699043150000001,0.16282686000000002,0.014233700000000002,0.0022128,0.0263711,0.8762730637499999,0.00555408,0.0007894999999999999,0.0,0.0,0.0,0.026870340000000003,0.0,9.4e-05,0
217,0.5322978558285665,0.3904501883816701,0.07482164449061847,0.00263437483571366,0.039368139089509466,0.4398077280294401,0.001383184589002516,0.00685564081060445,1.2817463794419898e-05,0.0,0.00023438009287654436,0.11445184063286228,0.00025917813020240077,0.004133391746254273,1
218,0.47449500525,0.425199986,0.07927499685,0.045400001,0.423900008,0.000735,0.029172150000000004,0.018999999,0.04368,0.0011,0.0128,0.02478000105,0.0076,0.044399999,1
219,0.4549256555825899,0.4807050954712485,0.038929540516455904,0.024635687322900092,0.08842166351266108,0.34807973626505667,0.003266047880808628,0.0005378831115516707,0.02222822985191193,0.0,0.0005208614940975039,0.15198912619026164,0.0,0.007594072722357397,0
220,0.3702363628834482,0.6022612459944506,0.019688668332238583,0.008645940567017044,0.23768310169771426,0.0006630670072676676,0.03363440758276732,0.005032912207742413,0.00012192491771321394,0.0,0.00250809883257894,0.1634182783700283,0.0,0.0021575145605524167,1
221,0.076420002,0.210260004,0.6961625823600001,0.049520001,0.032900002000000005,0.025800001,0.0028444500000000005,0.00107,0.018060001000000003,0.009177000000000001,0.06821883893475002,0.01055,0.00137,0.0028444500000000005,1
222,0.5385766049999999,0.399144,0.07070599999999999,0.013392900000000001,0.30556636425000006,0.1609195,0.0488881,0.00532098,0.00422163,8.829999999999999e-05,0.0023591295000000003,0.0416168,0.0,0.0153699,0
223,0.8211379999999999,0.13255977,0.033387375000000004,0.0170931,0.9227068853625002,0.0,0.0,0.0,0.0145269,0.0,0.0,0.023377409999999998,0.00047569999999999996,0.011559975,1
224,0.64858498005,0.150279999,0.203449994,0.009817500000000002,0.57223950315,0.00119,0.017986501050000003,0.00376,0.003969,3e-05,0.0012915000000000001,0.00943,0.006008625,0.0016,0
225,0.7156082849999998,0.31392882675000006,0.0158231,0.018677504999999997,0.10467313500000001,0.4987956750000001,0.004667600000000001,0.004425,0.0037973250000000003,0.0,0.0012181,0.0365094,0.0,0.006152265,1
226,0.27898501259999997,0.5957999829999999,0.077799998,0.0018,0.102499999,0.0015,0.011445,0.019635000000000003,0.0007,0.0023152500000000005,0.0023152500000000005,0.057959998950000015,0.0022,0.070245,1
227,0.5898900029999999,0.279119998,0.096189998,0.033679999,0.5526599879999999,0.0005145,0.0008,0.0028875,0.020407276102500004,0.000189,0.0007875,0.035859998,0.014479500000000001,0.006678000000000001,1
228,0.380299985,0.494300008,0.02824500105,0.066200003,0.199200004,0.0005,0.0065,0.006615,0.0634,0.0015435,0.0036382500000000004,0.092600003,0.000945,0.004725,1
229,0.7111864999999999,0.2086077,0.0654289,0.022502970000000004,0.71068158,0.00015403499999999998,0.0,0.012377085000000003,0.015910545,0.0015532000000000002,0.0040493000000000005,0.007957500000000001,0.0003805830000000001,0.007886800000000001,0
230,0.41295119999999996,0.5612625,0.014975200000000001,0.006564800000000001,0.3471856,0.00017409999999999998,0.0393512,0.0006454,0.0015698,0.0,0.002183,0.16419829999999996,0.0,0.0670572,0
231,0.352770001,0.175750002,0.445719987,0.01156,0.297340006,0.0009,0.00141,0.00956,0.00998,0.00078,0.00023,0.02949,0.00101,0.00557,0
232,0.632300019,0.301400006,0.024800001,0.0024,0.054900002,0.39320001,0.0103,0.0296,0.0005,0.0173,0.0005,0.001,0.0029,0.0024,0
233,0.5337366954891067,0.3869615593238781,0.05686488361153068,0.022302456414326308,0.4407885262794091,0.0,0.034799536302194,0.016983252156882823,0.01692194980287243,0.0,0.004831985548245052,0.05862015101379892,0.0,0.004359467403548297,0
234,0.8196024,0.113668,0.046930099999999995,0.0195663,0.8194108,0.0001078,0.0,0.0,0.004864800000000001,0.0,0.0019445,0.0001137,0.0,0.0067572000000000005,0
235,0.5716145,0.36839920000000004,0.018529300000000002,0.032731,0.4886887,0.00022480000000000002,0.038952999999999995,2.1100000000000005e-05,0.016898200000000002,0.0,0.0068658,0.1135882,0.0,0.017678599999999996,0
236,0.6860874,0.1126115,0.1976642,0.0025037,0.6223528,0.0001011,0.0002084,0.0014787999999999995,0.0020995000000000002,0.0,0.0007275000000000001,0.0706439,0.0,0.0004438000000000001,0
237,0.35834130000000003,0.5991230000000001,0.013386700000000001,0.006515000000000001,0.2940543,2.48e-05,0.0,0.0125105,0.0026609000000000003,0.0,0.0,0.0010874,0.0,0.018136000000000003,1
238,0.6547318,0.31781640000000005,0.0128814,0.012612200000000002,0.3513010999999999,0.0001062,0.0388666,0.0097354,0.0077936,0.0,0.0013027999999999998,0.022621900000000004,0.0,0.0134528,0
239,0.155359998,0.615100026,0.147019997,0.076679997,0.112850003,0.0,0.038509998,0.01567,0.076679997,0.123690002,0.00017,0.027000001000000003,0.00117,0.01267,1
240,0.4254758,0.5271840999999999,0.0155761,0.0225184,0.34063649999999995,0.0,0.0932911,0.0025199000000000003,0.0146343,0.0,0.0030744,0.0912864,0.0,0.0217403,1
241,0.8186972009674252,0.07078299543939415,0.10626936055034,0.0009578676639293873,0.17242739386344372,0.5997815524245388,0.009620301096370016,0.0004281661385647868,4.627184791474099e-05,6.70840764528123e-05,0.0003691644809617109,0.02080737908676144,0.0,0.0010040384816085064,0
242,0.5124484,0.4635851,0.0133587,0.009483499999999999,0.4752136,3.3e-06,0.046763099999999995,0.0025515,0.00557,0.0,0.0023427,0.11168779999999999,0.0,0.001283,0
243,0.419349998,0.458880007,0.102920003,0.01284,0.331939995,0.0005,0.00133,0.0015,0.01168,0.0,0.00067,0.00417,0.00117,0.002,0
244,0.00384,0.8944600220000001,0.094020002,0.0040100000000000005,0.002,0.00067,0.00084,0.01035,0.00334,0.001,0.00334,0.323150009,0.04659,0.026389999,1
245,0.6081215,0.14726199999999998,0.197549,0.026617900000000003,0.4704965999999999,0.0002252,0.007697800000000001,0.008153,0.0165202,0.0,0.001325,0.004643199999999999,0.0001861,0.005896200000000001,0
246,0.5195975207676116,0.0051068962951525045,0.4746852355742806,0.0002504194325479657,0.5195550174693556,0.0,0.0,0.0,0.0,0.0,0.00427343161829358,3.200248339271128e-06,0.0,0.0,0
247,0.409170002,0.338829994,0.233400002,0.00535,0.117129996,0.00203,0.0265,0.01027,0.00411,0.00018,0.00151,0.04259,0.0027600000000000003,0.0028,0
248,0.49674589999999996,0.3152205,0.06578210000000001,0.12225150000000001,0.27913720000000003,0.00028480000000000004,0.024624,0.006509,0.0854495,0.0,0.0,0.0,0.0005497999999999999,0.0092723,1
249,0.6315261,0.3374176,0.0243976,0.0066587,0.5448175000000001,8.1e-06,0.0094473,0.0010712,0.0017027,0.0,0.006431999999999999,0.0638532,0.0,0.0071010000000000005,1
250,0.5619032569080776,0.3180185108876985,0.05738395189649585,0.05987554058433115,0.5339678989922427,1.5102355967530936e-05,0.03815895279663628,0.0012769992118770528,0.031035641560083375,0.0,0.0021711386976368315,0.08636777337264613,0.0,0.014323134408967797,1
251,0.381500006,0.179900005,0.171200007,0.002,0.331800014,0.005,0.015799999,0.025699999,0.0016,0.0,0.0018,0.0001,0.0051,0.0164,0
252,0.382290006,0.586510003,0.0206,0.00117,0.20634,0.126560003,0.01571,0.031010000000000006,2e-05,4e-05,0.0001,0.062279999,0.00244,0.013030000000000002,1
253,0.7650116,0.2315923,0.0010077,0.0023885,0.6588074,0.0034179,2e-06,0.0192098,0.0017235,0.0,0.0006587,4.4e-06,0.00030920000000000003,0.0102742,1
254,0.679195185929956,0.29246007470420177,0.023644286353058902,0.004700553381185643,0.12474869006689054,0.4604862146508761,0.01597433379218421,0.0002968897337677948,0.003983220410516802,0.001862636808405252,0.0012802993387227815,0.017382703212140162,0.0,0.006407418429344911,0
255,0.508580029,0.383819997,0.054189999,0.048730001,0.445609987,0.00117,0.00877,0.00877,0.03489,0.00078,0.00585,0.098439999,0.00195,0.0068200000000000005,0
256,0.094250001,0.364080012,0.157969996,0.165020004,0.043099999000000014,0.033879999,0.041420002,0.00319,0.01157,0.00285,0.013919999999999998,0.01442,0.00134,0.00906,0
257,0.05007969999999999,0.9467568999999999,0.0008699,0.0016939,0.048328199999999995,0.0,0.0,0.0010246,0.0015738,0.0,0.0008699999999999999,0.2138254,0.0,0.0008064000000000001,1
258,0.4441144,0.4467784000000001,0.0105388,0.0985684,0.208783,0.0002865,0.13604520000000003,0.0054847,0.0797097,0.0208429,0.0111984,0.0260993,0.0,0.0144564,1
259,0.335299999,0.535899997,0.08692999900000001,0.0153,0.269879997,0.00605,0.05381,0.016650001,0.00656,0.01093,0.00454,0.07818999900000001,0.01177,0.029759999,0
260,0.7822856206644306,0.11018990608432684,0.08867208060192024,0.0011903971957308635,0.6194381032991336,6.305281934676679e-05,0.0,0.003055859893833065,0.00033708237390462,0.0,0.00035119419537746766,0.0009224727554272217,4.003353609318526e-05,0.011274244434562831,0
261,0.420130014,0.063620001,0.385170013,0.00244,0.388220012,4e-05,0.0012,0.01279,7e-05,4e-05,0.0031100000000000004,0.00231,9e-05,5e-05,1
262,0.8113831,0.14809160000000002,0.0315258,0.0033986999999999993,0.121893,0.6830025999999999,0.0008087000000000001,0.000121,0.0027961,2.44e-05,0.0002335,0.06375600000000001,0.0,0.0027955,0
263,0.7458007985769378,0.21144394417543824,0.02781118240239321,0.012110385392482012,0.6071608057347104,0.0,0.04096055693133745,0.00039074564682558334,0.011156015688462995,0.015190654051597637,0.0009471917115417568,0.02773363986394166,0.0,0.014287237984318612,1
264,0.621672,0.33627490000000004,0.0372769,0.0027096,0.0232945,0.4973682,0.0044145,0.0044288,0.0011667,0.0,0.0012846,0.04260119999999999,0.0,0.0109686,0
265,0.6047796,0.32968259999999994,0.052264800000000014,0.0049823,0.44319430000000004,0.0001121,0.015706499999999998,0.0018003,0.0017445,0.0,0.0266807,0.0230102,0.0,0.0035864000000000004,1
266,0.16764000099999998,0.266629994,0.530319989,0.00414,0.072400004,0.00281,0.03438,0.01224,0.00169,0.00122,0.01053,0.00548,0.0016699999999999998,0.019180000000000003,0
267,0.5014569999999999,0.3875344000000001,0.10328310000000002,0.0058018,0.4110121,0.0,0.0397446,0.0063973,0.0021253,0.0,0.0005909999999999999,0.1599004,0.0,0.005558899999999999,0
268,0.1909372,0.6579576999999999,0.0409243,0.10961810000000001,0.0765822,0.0001023,0.013750499999999999,0.002292,0.107475,0.0003331,0.17239970000000002,0.16269229999999998,0.0,0.0070005,0
269,0.208159998,0.198850006,0.5901299720000001,0.00063,0.205589995,0.0006,0.0005099999999999999,0.00038,0.00038,0.00338,0.0113,0.01233,0.0008300000000000001,0.00031,0
270,0.9090974092135988,0.06618316587392252,0.01947707596314214,0.0052422406139582545,0.07556035120162892,0.7966083443158323,0.010053739764338055,0.0004609670340861017,0.0017194991222125985,0.004780731902981335,0.0005527270993906676,0.02194993930510438,0.0,0.0005214181751013884,0
271,0.266299993,0.602699995,0.068300001,0.0144,0.200399995,0.0261,0.083300002,0.0075,0.0053,0.0103,0.0294,0.059599999,0.021199999,0.0188,0
272,0.7559575,0.23401020000000006,0.0067994,0.0032329000000000004,0.259211,0.43101720000000004,0.0316165,0.0006333999999999999,0.002081,0.0,0.00041900000000000005,0.08096510000000001,0.0,0.0096572,0
273,0.327529997,0.554270029,0.08575999699999999,0.018440001,0.262430012,0.00486,0.063189998,0.03088,0.0081,0.00132,0.01455,0.074089997,0.00299,0.00626,0
274,0.244139999,0.434130013,0.27985999,0.00698,0.080300003,0.00365,0.031580001,0.033920001,0.00127,0.00021,0.00643,0.00698,0.00705,0.01424,1
275,0.073140003,0.387360007,0.01111,0.52719003,0.06943000099999999,0.00015,0.00807,0.00147,0.509299994,0.00237,0.035119999,0.053130001,0.00127,0.00987,1
276,0.5999420197633469,0.32951095123926694,0.027927820258036275,0.0019074730710871614,0.4289155636559204,0.00023721023003941524,0.02429880656000349,0.0029974288429874194,6.127089771656386e-05,0.0,0.0011577878036391886,0.1134556342173839,0.0,0.009478315149234508,1
277,0.32660365250073403,0.5726235011126767,0.00025869921114747503,0.0035793726894263952,0.14544527826421433,8.833387604146189e-05,0.04830152363431375,0.005595345815120097,8.673326220605602e-05,0.0,0.00034383185951812514,0.07646772537268041,0.0,0.01267005896761408,1
278,0.481370002,0.420920014,0.039009999,0.01078,0.18423,0.159040004,0.044130001,0.030060001,7e-05,0.00965,0.00223,0.029110000000000007,0.00314,0.00418,0
279,0.4914392390772592,0.4750236830631514,0.009798301621050784,0.00860872218884216,0.2480806741503579,0.2145315934713064,0.001265697312298659,0.0002460577989769797,0.00275944819438086,0.0,0.005539401205343135,0.002862172324278973,0.0,0.003345285807636214,1
280,0.318800002,0.480800003,0.0255,0.162400007,0.049899999,0.0009,0.041200001,0.0018,0.082599998,0.0,0.039900001,0.038899999,0.016000001,0.062899999,0
281,0.263669997,0.118110001,0.614960015,0.0006900000000000001,0.197349995,0.00023,0.00177,0.0037,0.00012,0.00172,0.00102,0.007759999999999999,0.01152,7e-05,0
282,0.6081985,0.2462766,0.0486059,0.0968293,0.5747616999999999,8.409999999999997e-05,0.0220771,0.0001869,0.08274389999999998,0.0,0.0017111000000000001,0.0689592,0.0,0.0056687,0
283,0.7648522,0.1246273,0.07536419999999999,0.0013162000000000002,0.5969019999999999,0.00025669999999999995,0.00037119999999999997,0.0044364,0.0008841000000000002,0.0,0.0004543999999999999,0.0228965,0.0,0.0022214,1
284,0.4504609056763477,0.17017741291666064,0.37247264343161823,0.0009007308443905807,0.27310620087560256,0.10136748776448824,0.0016275274567609118,0.0033012436698359572,0.00021210758593713682,0.0,0.00014457782074033464,0.06448781979451715,0.0,0.002157345555218909,0
285,0.5107442948277183,0.2308700739605854,0.04028879363697911,0.21493416839208845,0.17552534495055236,0.003209315021606475,0.0,0.0,0.1337245757311964,0.005669247871923331,0.0012881975051894767,1.1585241053297596e-05,0.0,0.011822027120439556,0
286,0.4609103,0.5157053,0.021985900000000003,0.0013985,0.4282108,9.98e-05,0.10304429999999999,0.0001961,0.0,0.0,0.0008404,0.08587030000000001,0.0,0.011807999999999999,1
287,0.4374024,0.5121633,0.0211239,0.028975,0.3420585,1.87e-05,0.059148900000000004,0.00032010000000000003,0.0276507,2.36e-05,0.013116599999999999,0.0181474,0.0,0.01033,0
288,0.17829720000000002,0.4764104,0.06443869999999999,0.2808496,0.1540871,7.859999999999999e-05,0.0,0.0037137,0.2229508,0.24124470000000006,0.0481958,0.0006663,0.0,0.004185,1
289,0.21881388322926998,0.730953603192895,0.04672213309843457,0.0031783539504806435,0.2145377415655511,0.0,0.018162851211811826,6.500519391499381e-06,0.002316185063186549,0.0,0.004746479243691572,0.3619964235142388,0.0,0.012490597998780105,0
290,0.7355341,0.2462351,0.012011200000000001,0.0058914,0.7024315999999999,2.17e-05,0.0,0.0333019,0.004913399999999999,0.0,0.0037066000000000004,0.042154099999999986,0.0,0.0025249,0
291,0.04507,0.155589998,0.72349,0.071149997,0.036759999,0.00257,0.0008699999999999999,0.00133,0.068790004,0.00787,0.00147,0.00314,0.0046700000000000005,0.01241,0
292,0.4621614000000001,0.45948249999999996,0.0542105,0.0179433,0.3193497,0.0,0.0183723,0.011608,0.0,0.0,0.0,0.025507,0.0,0.0296384,1
293,0.181600004,0.799399972,0.0114,0.002,0.17280000399999998,0.0028,0.0016,0.001,0.0003,0.0004,0.0004,0.0033,0.0012,0.0004,0
294,0.36838001,0.13459000000000002,0.484369993,0.01118,0.325399995,7e-05,0.019789999,0.00418,0.01072,0.00233,0.00027,8e-05,0.0032600000000000003,2e-05,0
295,0.5206376684555264,0.31881339269582376,0.1058210934435676,0.04474603174772773,0.29026614501356474,0.003186162609046202,0.015307577414829718,0.001970249447042655,0.02137912973740016,0.0031154302265113732,0.0005013237747030441,0.022022879895666533,0.0,0.00570848791795813,1
296,0.623149991,0.230759993,0.015830001,0.128539994,0.00101,0.6173700089999999,0.00066,0.0004,0.114519998,0.130579993,0.0075,0.00313,0.0073599999999999985,0.02238,1
297,0.7705380998883732,0.21497354845773226,0.010448013927616186,0.004040337726278227,0.05141642999953764,0.706384478185759,0.006995232497557603,0.00011228720224126057,0.0006310901045752131,0.0,3.202487051444152e-06,0.05988170413142846,0.0,0.004485183193267892,0
298,0.8279732,0.0905904,0.058354199999999995,0.000805,0.4448695,0.2600015,0.0,6.6e-05,1.92e-05,0.0,0.0006042,0.000488,0.0,0.002437,1
299,0.6170842,0.2863085,0.0512766,0.044501300000000014,0.42448820000000004,0.0289361,0.0319211,0.014557800000000001,0.0381281,0.0060528000000000005,0.009213500000000001,0.0553682,5.19e-05,0.0007677000000000001,1
300,0.253106,0.5971592,0.012473200000000002,0.137185,0.2505546,0.00029410000000000005,0.0367729,0.0,0.11898319999999998,0.0,0.0015878,7.03e-05,0.0,0.037374300000000006,0
301,0.35249999200000004,0.429399997,0.081299998,0.133399993,0.296999991,0.0043,0.0039,0.0034,0.109399997,0.001,0.0123,0.0134,0.0095,0.191499993,0
302,0.29350000600000004,0.469199985,0.225700006,0.0066,0.14779999900000002,0.117700003,0.038400002,0.0055,0.0061,0.0,0.0002,0.045000002,0.0219,0.0174,1
303,0.45678209999999997,0.5290213,0.0121271,0.0020695,0.324247,7.96e-05,0.0,0.0,0.0012167,0.033323,0.006299100000000001,0.1253808,0.0,0.0424471,1
304,0.347380012,0.209079996,0.257209986,0.01233,0.305810004,0.00541,0.00064,0.00067,0.01093,0.00062,0.00364,0.00317,0.017209999,0.00022,0
305,0.8332533999999999,0.1261498,0.0122704,0.017534900000000003,0.001532,0.8317213000000001,0.001356,0.0,0.0143394,0.0,0.0007614999999999999,0.0188448,0.0,0.030601700000000006,0
306,0.7255503428183385,0.21053271191620845,0.05600331890030895,0.00791362636514413,0.30192006686169337,0.3614756651429512,0.004076777683962615,0.01813826984485431,0.004502825488985083,0.0,0.00027872474661592793,0.022651776759414696,0.0,0.0009055027379214491,0
307,0.6682504612081173,0.3033790394710947,0.02385941992579069,0.004440878159455607,0.596468097838522,0.0001902033475789174,0.11852188598519335,0.004434278043293562,0.003011152996292735,0.0,0.0012377217839033966,0.05682180006368112,0.0,0.004178573542894355,0
308,0.379799992,0.577099979,0.01244,0.023569999,0.357829988,0.00033,0.0243,0.0166,0.0164,0.0002,0.00047,0.151260003,0.00343,0.0073,0
309,0.7204767,0.23289980000000002,0.041470900000000005,0.0051526,0.2714406,0.3640766,0.0234831,0.0012707000000000007,0.0018877,0.0,0.000546,0.030902299999999997,0.0,0.0015478,1
310,0.7421443000000001,0.2156553,0.0268488,0.015225,0.012221,0.7245501,9.52e-05,0.00010979999999999999,0.0129548,0.0001876,0.0064053,0.0469913,0.0,0.0013855,0
311,0.15906779999999998,0.788385,0.012751100000000001,0.0394757,0.1547996,0.0,0.0234493,0.0,0.0278613,0.0027408000000000003,0.0051479,0.3566036,0.0,0.0020745,0
312,0.1580686,0.7953479,0.040592,0.005991499999999999,0.0797178,0.0421707,0.0353316,0.00015030000000000002,9.6e-05,0.0,0.0245715,0.1681236,0.0,0.021161500000000003,1
313,0.252880007,0.449059993,0.209490001,0.077849999,0.217419997,0.00118,0.052719999,0.00615,0.076520003,0.00624,0.00517,0.02942,0.00463,0.0139,0
314,0.481827740095484,0.3572718492713584,0.15372125610401655,0.006300862220619386,0.4390605452633072,0.0010166068453794494,0.0887631290048584,0.0034159590172927173,0.00017971888845517663,0.0,0.0003186334883796287,0.040544861264918935,0.0,0.0032146378584389213,0
315,0.3602868,0.5749614000000001,0.007417600000000002,0.0572749,0.0731232,0.2581257,0.016496700000000003,0.0014906,0.027616200000000004,0.0114172,0.0002497,0.0969586,0.0,0.0018969000000000002,0
316,0.9061676,0.0443321,0.037991,0.0111987,0.8494264000000001,7.85e-05,0.010269799999999999,0.0023975999999999997,0.010591799999999998,0.0,0.0015722000000000002,0.0029724,0.0,0.0006328999999999999,1
317,0.8895350000000001,0.1005953,0.0070639,0.0028059,0.0331464,0.8065184999999999,0.0007534,0.0007786000000000001,0.0021845,0.0010768,0.0018081,0.018102299999999998,0.0,8.750000000000001e-05,1
318,0.8511992191391726,0.11272837958574684,0.022995603156572682,0.0030046497149393853,0.6055029362303659,0.0,0.010545682318959805,0.0011226174762222758,0.0,0.0,0.0007140019197429034,0.02478150821052194,0.0,0.0019281452794850387,0
319,0.415699989,0.538200021,0.037599999,0.002,0.377200007,0.0339,0.0009,0.0004,0.0001,0.0009,0.0006,0.12540000699999998,0.0077,0.001,0
320,0.43316528546522304,0.2191799571582386,0.34095257202890816,0.005051881007486428,0.1238263559521934,0.0,0.0560293990925067,0.02694343790773441,0.0,0.0,0.00014013660272317626,0.006226286667264351,0.0,0.010222791085919405,1
321,0.6261760999999999,0.28977109999999995,0.06212090000000001,0.0219319,0.5495223000000001,1.9600000000000002e-05,0.0318748,0.006803100000000001,0.0194869,0.0023427,0.0027292,0.04906780000000001,0.0,0.0045590000000000006,1
322,0.408605330107394,0.5617633088768555,0.01701005670252471,0.012389869522630707,0.0711573891713143,0.3045603765019613,0.022428954174009537,0.0003367416243779313,0.0014985202487923998,0.0,0.0004002060089961266,0.17712349178241324,0.0,0.062225928204163124,0
323,0.428570002,0.5473999979999999,0.01235,0.00451,0.40854001,0.0076799999999999985,0.041719999,0.00534,0.0040100000000000005,0.00017,0.0,0.189089999,0.00868,0.051569998,0
324,0.4764102000000001,0.36707740000000005,0.1338451,0.0219622,0.41760410000000003,0.0,0.1430236,0.0173793,0.0122536,0.0,0.0033803000000000006,0.0107357,0.0,0.015723400000000002,1
325,0.6784609,0.2925933,0.0270505,0.0018122,0.5229608,0.0,0.007756399999999999,0.005633399999999999,0.0005457999999999999,0.0,0.00046070000000000003,0.0320267,0.0,0.015438200000000001,0
326,0.6261937,0.33443350000000005,0.0293865,0.0099862,0.22406270000000006,0.2541266,0.0062250000000000005,0.0076485,0.0,0.0,0.0030368,0.0964902,5.34e-05,0.012079099999999999,1
327,0.6732077,0.2648768,0.0589848,0.0008978999999999999,0.0451577,0.5879436,0.008739700000000001,0.0018688,0.0,0.0,0.0,0.0686267,0.0,0.0025759,0
328,0.607273,0.3057141,0.0433562,0.0436431,0.4480355,0.0,0.0083487,0.0014065,0.032866,0.00015230000000000002,0.0234796,0.062273199999999994,0.0,0.0022088000000000003,0
329,0.464700013,0.418900013,0.088799998,0.0069,0.415800005,0.0013,0.006999999999999999,0.0094,0.0052,0.0005,0.055500000999999986,0.0064,0.026900001,0.0064,1
330,0.5855245,0.3083158,0.0276503,0.0785094,0.1325041,0.0167167,0.005294999999999999,0.0453967,0.0717453,0.0014620999999999998,0.0004882000000000001,0.1099325,1.8800000000000006e-05,0.0113212,1
331,0.5793205696119721,0.3896228665343793,0.021691668829847837,0.008840116798748555,0.06574165731460535,0.4604244126349031,0.02951250870160302,0.0018115576939716782,0.006662898771042388,0.0,0.004219782414555347,0.169945728466672,0.0,0.009174494976155878,0
332,0.290380001,0.674279988,0.02299,0.004070000000000001,0.214709997,0.00058,0.069229998,0.01522,0.00242,0.00026000000000000003,0.00036,0.088780001,0.00159,0.01011,0
333,0.3310987033352826,0.6188426881155149,0.0383249819006887,0.007331895231220348,0.20229266731383025,0.007023429182786435,0.0760209039795284,0.003870537063118481,0.0,9.32252946378055e-05,0.001642304879405594,0.17984140099478982,0.0007590901253426742,0.015558605649094297,1
334,0.568799973,0.269089997,0.00678,0.00304,0.441509992,0.00017,0.00823,0.00834,0.00282,1e-05,0.0003,0.06684,0.01595,0.01139,0
335,0.7300540999999999,0.24778160000000002,0.017808599999999997,0.0042121,0.35729500000000003,0.0,0.0019587000000000003,0.0029926,0.0027193,0.0,7.8e-06,0.0441328,0.0,0.0015775999999999993,0
336,0.28764670000000003,0.1792268,0.3127957,0.2203308,0.2251235,0.0001399,0.0361746,0.004833399999999999,0.21325210000000006,0.0162238,0.0106017,0.016496999999999998,0.0,0.0049387,1
337,0.1961366,0.6749676,0.07824760000000001,0.0493141,0.16618970000000002,0.0,0.0,0.000883,0.0482597,0.0020756,0.0039546,0.0156141,0.0,0.0324958,1
338,0.7176315999999999,0.16039679999999998,0.0688807,0.0002639,0.5866453,7.890000000000001e-05,0.0089494,2.6300000000000002e-05,3.02e-05,0.0,0.0008562000000000001,0.0089052,0.0,0.0057426000000000005,1
339,0.319429994,0.632529974,0.039700001,0.00487,0.12139,0.151529998,0.00842,0.00717,0.00176,0.00434,0.0019,0.157000005,0.00216,0.01281,1
340,0.4882032,0.3815057,0.13006489999999998,0.0001516,0.45273050000000004,0.020227000000000002,0.0299703,0.0,0.0,0.0,0.00043170000000000003,0.012483,0.0,0.005821499999999999,0
341,0.5689593281586769,0.11022148058529553,0.31610654686627665,0.002458267953236684,0.4345818280391736,0.0,0.014526027325522804,0.004965352143179951,0.0015397919819381952,0.0,0.0005088661348166432,0.016212673973811154,0.0,0.010350158561429144,0
342,0.5427721,0.4425876,0.013125399999999999,0.0004322,0.4254518000000001,0.0,0.0156711,0.0048195,0.0,0.0,0.0016625999999999998,0.0,0.0,0.0085734,1
343,0.48268199999999994,0.4722186,0.013895200000000002,0.003304,0.4449407,5.920000000000001e-05,0.092825,0.0014665,0.0019037,0.0,0.0022374,0.0954399,0.0,0.0178118,0
344,0.5160007000000001,0.3454297000000001,0.011896299999999999,0.1266734,0.0151714,0.47413720000000004,0.057499199999999986,0.0005955,0.1218349,0.0007241999999999999,0.0023577,0.0828171,0.0,0.0011143,1
345,0.1211105,0.6470946999999999,0.21905520000000006,0.0122432,0.1112704,4.1e-05,0.016443299999999998,7.65e-05,0.0093674,0.0017929000000000003,0.0118805,0.2996991,0.0,0.0016350999999999998,0
346,0.377189994,0.570609987,0.041749999,0.00149,0.272949994,0.00014,0.03613,0.01678,0.00124,0.00506,0.016659998999999998,0.084509999,0.00102,0.026160000000000003,0
347,0.240869999,0.433459997,0.233459994,0.057229999,0.10046,0.093290001,0.00632,0.00591,0.039919998,0.0005099999999999999,0.02534,0.115929998,0.00164,0.00758,0
348,0.6995003000000001,0.2790958,0.019379499999999997,0.0020242999999999997,0.0022927,0.6945946,0.0094703,0.00014209999999999998,0.00026710000000000004,0.014379900000000001,0.005169,0.0509352,0.0,0.004819899999999999,0
349,0.4204162,0.4610367,0.11198510000000002,0.006083399999999999,0.3250938,2.18e-05,0.0187933,0.000724,0.0019452999999999999,9.29e-05,0.0001934,0.17438660000000006,0.0,0.0033131999999999997,0
350,0.109279998,0.117739998,0.76275003,0.0021100000000000003,0.10447,0.00302,0.00154,0.00106,0.00097,0.00098,0.00122,0.00352,0.00386,0.00619,0
351,0.019230001,0.166859999,0.788699985,0.01877,0.01206,0.00409,0.00339,0.00334,0.01511,0.0043,0.00591,0.014,0.00147,0.00047,0
352,0.609499991,0.321799994,0.054000001,0.00502,0.089270003,0.43847999,0.01521,0.00869,0.00033,0.00033,0.00084,0.01939,0.00234,0.00903,0
353,0.00759,0.193800002,0.765089989,0.032880001,0.0051600000000000005,0.00173,0.0002,0.00018,0.032329999,0.150749996,0.01884,0.00358,0.00014,0.0002,1
354,0.5312474,0.43162470000000003,0.022209299999999998,0.0149185,0.5065805,4e-06,0.0255204,0.0001567,0.0107321,4.400000000000001e-05,0.0019882000000000003,0.1125953,0.0,0.003998,0
355,0.2867544,0.3924101,0.3053163,0.0128291,0.2847476,0.0004378,0.0031886999999999996,0.0,0.0101553,0.0015785999999999999,0.012377299999999999,0.0389211,0.0,0.005295800000000001,0
356,0.37151209999999996,0.21664819999999999,0.3822926,6.47e-05,0.30960659999999995,3.45e-05,0.0,0.0,0.0,0.0024892,0.0008353,0.0,0.0005642,0.0024989,1
357,0.5174445328512218,0.4155830241415558,0.028229315756693324,0.010124280658174315,0.24560492619688426,0.15279004982111458,0.025136609932855224,0.006504219297007503,0.0011778478884098779,0.0,0.0005168929322386362,0.04367604434655648,0.0,0.01240150689681849,0
358,0.054699998,0.672999978,0.204500005,0.0045,0.0178,0.0197,0.049199998,0.015900001,0.0002,0.0001,0.0006,0.1017,0.0086,0.022500001,0
359,0.25801,0.582140028,0.145030007,0.01339,0.199049994,0.0009,0.105449997,0.022910001,0.00742,0.00017,0.0044,0.118840002,0.039820001,0.041680001,0
360,0.5486017,0.2865972,0.0727929,0.08989620000000001,0.4959681,4.79e-05,0.028912,0.0018477,0.085765,0.005754100000000001,0.006231100000000001,0.0353269,0.0,0.0103358,1
361,0.5136912730058235,0.4239923336514306,0.058150982608557326,0.004165310693101657,0.022369086984024338,0.4721027926169278,0.006135719940179431,0.00033753862711415576,0.0004267752766061021,0.0,0.0024620111479784746,0.13681629045048802,0.0,0.00340970036393947,0
362,0.6869643000000001,0.2868447,0.0188025,0.004578199999999999,0.4091086,0.0001511,0.0,0.0,0.0030275,0.0,0.0027341,0.0609275,0.0,7.379999999999999e-05,0
363,0.9079414000000001,0.0569028,0.009287299999999998,0.025868500000000003,0.38503940000000003,0.4830468,0.0007902999999999999,8.620000000000001e-05,0.0253879,0.0,0.0016210999999999999,0.025373700000000003,0.0,0.0003859,0
364,0.275559992,0.394109994,0.07418,0.250259995,0.257889986,0.00936,0.0006900000000000001,0.00139,0.24853000000000006,0.00693,0.0041600000000000005,0.02218,0.00104,0.00555,1
365,0.268920004,0.3885599970000001,0.338759989,0.00192,0.219899997,0.02689,0.068230003,0.0096,0.00176,0.0002,0.00065,0.04665,0.00421,0.00572,0
366,0.4967479,0.4059168,0.040814300000000005,0.05248919999999999,0.4373497000000001,0.00011279999999999999,0.13804550000000002,0.0232589,0.0415891,0.0,0.008036300000000001,0.036984800000000005,0.0,0.0122293,0
367,0.3717827486624716,0.3712499288735848,0.04116203773610702,0.023108896904196385,0.13854169033358338,0.006315020350699975,0.036135234890085306,0.002772271414781305,0.00017834383122360156,0.00038825472163785184,0.005526245999076311,0.05624144095381578,2.7847373872005427e-05,0.01273047220500332,1
368,0.5785611999999999,0.2723179000000001,0.0056484000000000005,0.14342770000000002,0.0187624,0.5596949999999999,0.0,3.78e-05,0.137133,0.0261404,0.0016355,0.0945611,0.0,0.0018317000000000001,1
369,0.3747295,0.5178737999999999,0.06857519999999999,0.0387903,0.2169071,0.0028283,0.0737303,0.008612,0.0287752,0.0184233,0.0008977999999999999,0.0184275,5.24e-05,0.0182699,1
370,0.5641390999999999,0.3743417,0.047913599999999994,0.0099547,0.5426690999999999,2.24e-05,0.0,0.0,0.0063113,0.0,9.73e-05,0.024552900000000003,0.0,0.0066611000000000005,0
371,0.1119873,0.674383,0.2079561,0.0053658,0.0247191,0.0381396,0.0255053,0.0019268,0.0,0.0,0.0016963000000000002,0.1104358,0.0,0.0065837000000000005,1
372,0.6779108,0.24461620000000003,0.0253598,0.046595300000000006,0.6160313000000001,0.0,0.0369731,0.012009700000000002,0.0381773,0.0,0.0014062999999999999,0.0074158,8.13e-05,0.0075301,0
373,0.09253488802332034,0.8149013235198528,0.009399440991614872,0.08311374670620059,0.09077316159742396,7.820117301759528e-05,0.0,0.0,0.08200833012495187,0.2781574723620854,0.006147892218383275,0.09846297694465417,0.0,0.00015940239103586553,0
374,0.238700002,0.714699984,0.034400001,0.003,0.12540000699999998,0.02,0.0035,0.0188,0.0011,0.0015,0.0019,0.0089,0.0995,0.0018,0
375,0.454100013,0.118100002,0.409399986,0.0156,0.218199998,0.0019,0.017200001,0.0063,0.0143,0.0006,0.0016,0.003,0.003,0.0004,1
376,0.0704967269565958,0.15311195072653422,0.7538600458273955,0.020500185454971828,0.02317092041592849,0.0006098977843097048,0.005410028667335139,0.0076433323462096435,0.018227559821070844,8.526548279058341e-05,0.00042836482094910766,0.001791288231050918,0.0,0.003829102708640918,0
377,0.4007720772383576,0.3884050775039566,0.08188564862369835,0.0590391358044783,0.2721406864154464,0.0,0.018147527318031983,0.012793957830282776,0.05287600526347645,0.044919842180800695,0.00016189093720280328,0.007464320971226494,4.573791261314417e-05,0.001667519200084328,1
378,0.6852216999999999,0.303174,0.0100719,0.0011497,0.0648637,0.4871404,0.0191688,0.0030454,0.0002096,0.0,0.0009842999999999998,0.092242,0.0,0.0004126000000000001,0
379,0.8316031999999999,0.1534654,0.005713800000000001,0.0060169,0.052170699999999987,0.7286050999999999,0.0049352,0.0011037999999999998,0.0042052,0.0,7.879999999999999e-05,0.042681000000000004,0.0,0.008039699999999999,0
380,0.5290927,0.35053290000000004,0.1167454,0.0034577,0.1855695,0.31627,0.00024849999999999997,0.0017348,0.000426,0.0,0.0020274,0.018631,0.0,0.0235001,1
381,0.4446001,0.4453532,0.0100072,0.1000235,0.269162,0.0172009,0.0026416999999999994,0.0025485000000000004,0.0922151,0.0,0.0002592,0.0430472,0.0004273,0.0278033,1
382,0.8344697093138977,0.14561318628647865,0.01427785718833806,0.001778640570312104,0.7248619116926714,0.0,0.0005014647362797854,0.0008139150698626312,0.00037421843547213735,0.0,0.0035568800490534992,0.008796539783019487,0.0,0.001323100818878578,0
383,0.412090003,0.435360014,0.091849998,0.0068,0.10757,0.02699,0.01204,0.02203,0.00021,0.02203,0.0073700000000000015,0.0135,0.00181,0.00843,0
384,0.5564135,0.2158581,0.1343029,0.0927064,0.5173183,8.630000000000001e-05,0.0631488,0.0010269,0.092376,0.0125342,0.0052856000000000005,0.0153465,7.82e-05,0.0051016,1
385,0.6333775597736879,0.1029099037578753,0.2535836280333396,0.0077099549184334575,0.16203078013235586,0.46760059187473296,0.0,0.0,0.005905810178157822,0.0,0.000455593591111,0.08324440266005499,0.0,0.0010949535548869724,0
386,0.5969175,0.3885313,0.0041702,0.0041255,0.5112196,0.0,0.027065199999999998,0.0001846,0.0031825,0.0,0.00015280000000000005,0.0395998,0.0,0.003602,0
387,0.226180002,0.111670002,0.633149981,0.00041,0.125489995,0.07583999599999999,0.0002,0.0002,6e-05,2e-05,0.00014,0.026210001,0.00333,0.006370000000000001,0
388,0.6192489999999999,0.3564859000000001,0.0097381,0.014527000000000003,0.6000904,0.0,0.07447880000000001,0.005759800000000001,0.013823400000000001,0.0,6.829999999999999e-05,0.027293,0.0,0.0022029000000000003,1
389,0.6104696999999999,0.3712593,0.015647599999999998,0.0026234,0.5239714,8.52e-05,0.0117473,0.0012545,0.001241,1.21e-05,0.0001788,0.1121407,0.0,0.0025015999999999997,0
390,0.4763512,0.49502460000000004,0.0183278,0.0085286,0.3667273,0.08066430000000001,0.1783267,0.0001987,0.005740800000000001,0.0,0.0005049,0.0447783,1.87e-05,0.0105577,1
391,0.019640001,0.18524,0.728190005,0.028030001,0.00772,0.00462,0.00079,0.00116,0.01033,0.00085,0.037749998,0.00772,0.00055,0.00079,0
392,0.142120004,0.6148300170000001,0.16787,0.039129999,0.049430002,0.055610001,0.00515,0.00618,0.0072099999999999985,0.00927,0.08754000099999999,0.032960001,0.00412,0.00412,0
393,0.0067298,0.4615594,0.5230762999999999,0.008588600000000002,0.0034235,0.0032301,0.284677,0.0,0.0049395,0.0,0.0005496,0.0,0.0,0.0016640999999999997,1
394,0.203710005,0.649879992,0.126350001,0.00509,0.08342999999999999,0.0065,0.01279,0.03059,0.0008900000000000002,0.00518,0.01341,0.00447,0.0048200000000000005,0.00271,0
395,0.5950061925797161,0.3971716173580682,0.0075208913368613375,0.0003011980575543986,0.4393372313918844,0.0,0.008163353236364069,0.0013192515188002654,3.6240407994513206e-06,0.0,0.0015211911255696914,0.020977860835423957,0.0,0.007104730651724346,0
396,0.43099022047067853,0.4094782760963207,0.1562498593688263,0.003260243124673173,0.013903110346544213,0.4107256308551945,0.04256486859773145,0.0007377323864517653,0.00011960525067050445,0.0012010527262146806,0.0012667556105713039,0.13326255022595493,0.0,0.017287858937007333,0
397,0.430700004,0.362699986,0.1285,0.072700001,0.292899996,0.0009,0.0093,0.0032,0.038199998,0.0008,0.0015,0.038800001,0.027799999,0.0198,0
398,0.7195699809999999,0.243579999,0.02201,0.01084,0.019169999,0.697899997,0.01317,0.00183,0.00717,0.00017,0.0005,0.039349999,0.00017,0.006,0
399,0.12141860000000003,0.8200470999999999,0.0306997,0.0263383,0.1062614,0.0140682,0.0,0.0,0.0034693,0.0,0.0038604999999999998,0.2302645,0.0,0.0583195,0
400,0.431290001,0.390749991,0.161410004,0.0147,0.383340001,0.0003,0.00114,0.03765,0.00105,0.00205,0.036180001,0.00028,0.040449999,0.00025,0
401,0.037239999,0.01047,0.94976002,0.0023,0.036809999,0.0001,0.00021,0.00013000000000000002,0.00212,0.00017,6e-05,0.00206,0.00067,0.00253,0
402,0.4571953,0.3599617,0.0363802,0.026099200000000003,0.18850699999999998,0.0817966,0.0079907,0.019316,0.0151219,0.0,0.0014392,0.037554500000000005,8.23e-05,0.0039885,1
403,0.5932826999999999,0.3363859,0.024903400000000003,0.044704,0.5093030000000001,0.0001151,0.035690400000000004,0.0068647000000000005,0.0365192,3.46e-05,0.0017448000000000001,0.0890465,0.0,0.0085093,1
404,0.6973008,0.2572126,0.0169609,0.0026631999999999997,0.6184328000000001,0.0,0.0683445,0.0037781,0.00032080000000000005,0.0,0.0034343000000000004,0.1068249,0.0,0.0006716000000000001,0
405,0.323929995,0.659169972,0.01354,0.00187,0.241870001,0.025710000000000004,0.180570006,0.0124,5e-05,0.00026000000000000003,0.00557,0.058370002,0.02142,0.00956,0
406,0.017689998999999998,0.149460003,0.243249997,0.5855299829999999,0.01378,0.0012,0.0025,0.00024,0.581759989,0.00304,0.00381,0.045779999,0.00056,0.00313,0
407,0.613600016,0.299899995,0.064800002,0.0067,0.595099986,0.0023,0.0025,0.0038,0.003,0.0012,0.0031,0.0045,0.0051,0.0069,0
408,0.5189349360687874,0.3287788938630021,0.10733300135491654,0.04493814857579557,0.14536088533897396,0.2605789582092712,0.002406125892984725,0.003099655708408263,0.04104713188972455,0.0009619897396439406,0.0009158278503990301,0.05352486078084888,0.0,0.009929512497405271,0
409,0.6976489736929234,0.2871787734343943,0.00541292271511435,0.002216278571107673,0.532542924012863,0.0,0.0,0.0,0.0,0.0,0.0004974870002504445,0.0,0.0,0.011524348396589995,1
410,0.00091,0.183400005,0.7911300059999999,0.01881,0.00041,0.00027,0.00012,0.0,0.01366,0.00079,0.01273,0.0003,5e-05,0.00019,0
411,0.540620029,0.427190006,0.004,0.01802,0.5404499770000001,0.0,0.00067,0.00334,0.01802,0.0,0.0008300000000000001,0.096079998,0.0045,0.06989,0
412,0.159500003,0.569400012,0.137700006,0.1259,0.090999998,0.0287,0.0113,0.0156,0.08470000300000001,0.0008,0.0001,0.033500001,0.0022,0.0,1
413,0.247580007,0.6823700070000001,0.026760001,0.04259,0.235369995,0.00019,0.00063,0.0006,0.01545,0.00012,0.00189,0.044259999,0.008579999999999999,0.054299999,0
414,0.367460012,0.441049993,0.106200002,0.01969,0.154469997,0.050250001,0.01414,0.02052,0.007909999999999999,0.021360001,0.02706,0.056940001,0.00905,0.01026,0
415,0.617840474310078,0.28543436033462144,0.09486292721956048,0.0018622381357400926,0.2719131035219041,0.15090591276055,0.02113045198449151,0.0017118207502859698,0.0,0.0,0.001744942962436474,0.02630288551190885,0.0,0.0005632801888958746,1
416,0.0615770818661584,0.5982535510640974,0.06529068691428172,0.2737988794589099,3.2347952604941564e-05,0.06007966209108383,0.0,0.0,0.2734801069104841,0.00765464724908204,0.002763396458910689,3.825671174949746e-05,0.0,0.032881743897153135,0
417,0.6140099760000001,0.255490005,0.017859998999999998,0.08790999699999999,0.251370013,0.105769999,0.00412,0.01099,0.076920003,0.0,0.0,0.02747,0.00962,0.00687,0
418,0.2738865,0.5873607,0.1049345,0.0084472,0.2514637,8.599999999999999e-06,0.1997874,0.0,0.0014431,0.0,0.0016169,0.0506959,0.0,0.016823099999999997,1
419,0.7419053000000001,0.1539905,0.1002643,0.0029819000000000004,0.5697368,0.0001564,0.0011292,0.008489299999999998,0.002341,0.0,9.71e-05,0.0144125,0.0,0.0169693,1
420,0.5510294,0.3867095,0.0124015,0.0044711,0.4492555,0.0003935,0.013280299999999998,0.0138039,0.0004699,0.0,0.0,0.0045982,6.91e-05,0.006043,1
421,0.5570057127816664,0.29158457238940194,0.11258508020555054,0.0215758861131784,0.28021481083098443,0.011265658247932284,0.045349842124979584,0.005244166764503111,0.012936311374701715,0.0,0.002795988912447416,0.03912694423682673,0.0003190101445225958,0.011816675770289494,0
422,0.769169986,0.171859995,0.0524,0.00364,0.758140028,0.00185,0.00055,0.004370000000000001,0.0035,6e-05,0.00025,0.00027,0.0052,0.00171,0
423,0.6657991999999999,0.07253939999999999,0.26032150000000004,0.0013398,0.007854600000000002,0.6565717,0.0019772,7.499999999999999e-06,0.0004178999999999999,0.0,5.21e-05,0.025131599999999997,0.0,0.0001025,0
424,0.2840005907800183,0.5808684775469066,0.11572619922829615,0.019353302014021845,0.19609289510758496,0.0,0.12326173647067892,0.0006300485435242131,0.018268212685341508,0.0,9.296642994582696e-05,0.0383000047307751,0.0,0.012025650901573391,1
425,0.6239826999999999,0.23289720000000005,0.13795520000000006,0.0042952,0.1611891,0.33764759999999994,0.009685,0.0007997000000000001,0.0036616,0.00018109999999999998,0.08298760000000001,0.006801100000000001,0.0,0.0065271,0
426,0.462500006,0.071099997,0.458099991,0.0013,0.389600009,0.0006,0.0002,0.0042,0.0004,0.0002,0.0,0.0003,0.0034,0.0002,0
427,0.4536406,0.4376468,0.006018,0.1025776,0.0251461,0.41629079999999996,0.0,0.0,0.1014412,0.0280486,0.008541,0.001354,0.0,1.6e-05,1
428,0.413810015,0.318670005,0.244159997,0.0076900000000000015,0.37450999,0.00426,0.00143,0.00147,0.00588,0.01042,0.025450001,0.00122,0.022159999,0.00031,0
429,0.19021,0.549839973,0.181830004,0.074709997,0.16416999699999998,0.00075,0.01439,0.00507,0.07415000299999999,0.00256,0.01054,0.252640009,0.0016,0.00293,1
430,0.508769989,0.287550002,0.042769998,0.098080002,0.420219988,0.00033,0.01153,0.02957,0.091559999,0.0005,0.00267,0.013030000000000002,0.00184,0.0005,0
431,0.059763980119583615,0.4029218982498122,0.4792354400616338,0.04140458697521995,0.05975166697899999,1.2313140583630851e-05,0.0,0.0,0.04107603634598843,0.009933400925467658,0.005068609219759327,0.0,0.0,0.06176881968436716,0
432,0.1674531662947932,0.700197682473764,0.06692462294370774,0.06512100913567646,0.16071824132102738,0.00019411224848287927,0.0,0.0,0.05888251548672721,0.0,0.0022889444323936844,0.23868736117249,0.0,0.005385839846494314,0
433,0.313841,0.36860679999999996,0.1293788,0.1856691,0.2075158,9.070000000000001e-05,0.0043023,0.16096400000000002,0.1494029,0.007557300000000001,0.0008922000000000002,0.0,0.0,0.0303629,0
434,0.538810015,0.191589996,0.084299996,0.00817,0.320259988,0.01089,0.00562,0.00314,0.00193,0.0059700000000000005,0.00586,0.01049,0.00362,0.00405,0
435,0.06449116256888428,0.4732322537229714,0.08509563181491205,0.37714854517856106,0.05342446955009077,3.180659032551545e-05,0.015172743792513809,0.0,0.3690686710286371,0.058270673683587224,0.027369170892208864,0.05059418311474137,0.0,0.0019736089317706628,1
436,0.311320007,0.599030018,0.040739998,0.035360001,0.086199999,0.125799999,0.092479996,0.017379999,0.033270001,0.00168,0.00108,0.121310003,0.00413,0.01018,1
437,0.708890021,0.244320005,0.01237,0.029750001,0.637870014,0.01053,0.00251,0.00685,0.02874,0.001,0.0005,0.00217,0.00134,0.0016699999999999998,0
438,0.292970002,0.381080002,0.283960015,0.00317,0.219760001,0.01725,0.046179999000000006,0.01464,0.00124,0.00146,0.00118,0.059390001,0.00512,0.00559,0
439,0.533599973,0.32249999,0.113499999,0.024700001,0.439900011,0.076099999,0.0124,0.0066,0.0229,0.0006,0.028899999,0.0232,0.0005,0.0,0
440,0.7516573010850248,0.19892308951284665,0.043039358462165465,0.00629922311116247,0.4544032582394886,0.004868230219858194,0.019875988289176808,0.029559274216242788,0.002013955892547431,0.0,0.00020728852225842512,0.007313221934647603,0.0,0.004229445489966878,1
441,0.025590001,0.770889997,0.029820001,0.173299998,0.00969,0.0146,0.0002,0.00015,0.17238,0.6814399959999999,0.01957,0.01266,0.00063,0.00316,1
442,0.6239066,0.2714051,0.049838699999999986,0.054199300000000006,0.304243,0.24875799999999998,0.06139259999999999,0.005438800000000001,0.0515471,0.0,0.0010624000000000002,0.0043732,0.0,0.0007376,0
443,0.3019568,0.6751824000000001,0.0092443,0.0134882,0.26040660000000004,4.760000000000001e-05,0.1637622,0.011290999999999999,0.007720199999999998,0.0,0.0010738,0.0339085,0.0,0.0047379,0
444,0.860474,0.0758329,0.060069500000000005,0.0021015,0.5038263,0.2792668,0.0015939,0.0015409999999999998,0.0009035,0.0,0.0004692,0.0060394,0.0,0.010067,0
445,0.41580029999999996,0.4626028,0.1059062,0.0067943,0.3497128,0.0,0.0478739,0.0014693,0.0001147,0.0,0.07420239999999999,0.0955817,0.0,0.011475799999999998,0
446,0.8284803000000001,0.15507320000000002,0.014233700000000002,0.0022128,0.0263711,0.7948054999999999,0.0052896,0.0007894999999999999,0.0,0.0,0.0,0.0255908,0.0,9.4e-05,0
447,0.5322978558285665,0.3904501883816701,0.07482164449061847,0.0023894556333003717,0.039368139089509466,0.41886450288518107,0.001383184589002516,0.00685564081060445,1.2817463794419898e-05,0.0,0.0002125896534027613,0.11445184063286228,0.0002468363144784769,0.0037491081598678205,1
448,0.451900005,0.425199986,0.075499997,0.045400001,0.423900008,0.0007,0.0252,0.018999999,0.0416,0.0011,0.0128,0.023600001,0.0076,0.044399999,1
449,0.4549256555825899,0.4807050954712485,0.038929540516455904,0.024635687322900092,0.08020105534028216,0.3315045107286254,0.003266047880808628,0.0005378831115516707,0.02222822985191193,0.0,0.0005208614940975039,0.15198912619026164,0.0,0.006888047820732332,0
450,0.35260605988899824,0.5735821390423339,0.019688668332238583,0.008645940567017044,0.23768310169771426,0.0006630670072676676,0.030507399168042917,0.005032912207742413,0.00012192491771321394,0.0,0.002388665554837086,0.15563645559050315,0.0,0.0020547757719546825,1
451,0.076420002,0.210260004,0.631439984,0.049520001,0.032900002000000005,0.025800001,0.0025800000000000003,0.00107,0.018060001000000003,0.008740000000000001,0.058929998,0.01055,0.00137,0.0025800000000000003,1
452,0.5129300999999999,0.399144,0.07070599999999999,0.013392900000000001,0.2771577,0.1609195,0.0488881,0.0050676,0.004020599999999999,8.829999999999999e-05,0.0021398000000000003,0.0416168,0.0,0.014638,0
453,0.8211379999999999,0.12624739999999998,0.0317975,0.0170931,0.7970689000000001,0.0,0.0,0.0,0.0145269,0.0,0.0,0.022264199999999998,0.00047569999999999996,0.0110095,1
454,0.617699981,0.150279999,0.203449994,0.00935,0.544990003,0.00119,0.017130001000000002,0.00376,0.00378,3e-05,0.00123,0.00943,0.00545,0.0016,0
455,0.6815316999999999,0.2847427,0.0158231,0.017788099999999998,0.0996887,0.47504350000000006,0.004667600000000001,0.004425,0.0036165,0.0,0.0012181,0.0365094,0.0,0.0058593,1
456,0.265700012,0.5957999829999999,0.077799998,0.0018,0.102499999,0.0015,0.0109,0.0187,0.0007,0.002,0.002,0.055199999000000013,0.0022,0.0669,1
457,0.5898900029999999,0.279119998,0.096189998,0.033679999,0.5526599879999999,0.00049,0.0008,0.00275,0.018510001,0.00018,0.00075,0.035859998,0.01379,0.00636,1
458,0.380299985,0.494300008,0.026900001,0.066200003,0.199200004,0.0005,0.0065,0.0063,0.0634,0.0014,0.0033,0.092600003,0.0009,0.0045,1
459,0.7111864999999999,0.198674,0.0654289,0.021431400000000003,0.6768396,0.0001467,0.0,0.011787700000000002,0.0151529,0.0015532000000000002,0.0040493000000000005,0.007957500000000001,0.00034520000000000004,0.007886800000000001,0
